condition_number,condition_label,Topic,topic_name,topic_label,n_participants,mean_proportion,sd_proportion,se_proportion
1,VR Art,-1,-1_será_será alguém_alguém_família,Unassigned or mixed content,17,0.0239938080495356,0.0696615926740806,0.0168954179202345
1,VR Art,0,0_tranquila_calma_relaxada_sinto,Calm and relaxation,17,0.3723714924566317,0.3073491879917068,0.074543127413978
1,VR Art,1,1_pessoas_cuidado_doentes_todas,Compassionate and professional care,17,0.0685813799203892,0.1371991815037662,0.0332756892404892
1,VR Art,2,2_mim_diferente_diferença_bocadinho,Subjective emotional and experiential effects,17,0.0512985896112831,0.0806458491014021,0.0195594914183943
1,VR Art,3,3_cirurgia_vai_fazer_pode depressa,Surgical concerns and coping,17,0.0508900928792569,0.1383834587968074,0.0335629186739733
1,VR Art,4,4_cima_ir_sítio_abaixo,Movement and sense of place,17,0.0943105312300358,0.1481124660825353,0.0359225495370003
1,VR Art,5,5_água_natureza_ar_mar,Nature imagery and sensory responses,17,0.1075513538748832,0.1852102629634037,0.0449200868909727
1,VR Art,6,6_tempo_espera_tempo espera_agora,Waiting experience,17,0.0417311661506707,0.0980382662238121,0.0237777721760706
1,VR Art,7,7_manter_correu_positiva_manter positiva,Positive appraisal and optimism,17,0.0815918472652218,0.1410766355384644,0.0342161099783444
1,VR Art,8,8_cinco_estrelas_cinco estrelas_mesma,No perceived change and brief appraisals,17,0.0611928104575163,0.129993313749064,0.0315280096006733
1,VR Art,9,9_ansiedade_ansiosa_bocadinho_nervosismo,Anxiety and nervousness,17,0.0036764705882352,0.0151584765647708,0.0036764705882352
1,VR Art,10,10_sinto_sinto sinto_estável sinto_desde cheguei,Feeling well and stable,17,0.0310457516339869,0.0734158527598506,0.0178059597366857
1,VR Art,11,11_acolhida_acolhimento_acolhida acolhida_sentir,Feeling welcomed,17,0.0117647058823529,0.0485071250072666,0.0117647058823529
2,VR Only,-1,-1_será_será alguém_alguém_família,Unassigned or mixed content,17,0.0,0.0,0.0
2,VR Only,0,0_tranquila_calma_relaxada_sinto,Calm and relaxation,17,0.2996753246753246,0.2142956073626918,0.051974319074251
2,VR Only,1,1_pessoas_cuidado_doentes_todas,Compassionate and professional care,17,0.103501400560224,0.1544682829262113,0.0374640615477977
2,VR Only,2,2_mim_diferente_diferença_bocadinho,Subjective emotional and experiential effects,17,0.0702540106951871,0.1697248754051913,0.0411643287406118
2,VR Only,3,3_cirurgia_vai_fazer_pode depressa,Surgical concerns and coping,17,0.034090909090909,0.0923186182344995,0.0223905537759949
2,VR Only,4,4_cima_ir_sítio_abaixo,Movement and sense of place,17,0.0254010695187165,0.0727105595769366,0.0176349010137338
2,VR Only,5,5_água_natureza_ar_mar,Nature imagery and sensory responses,17,0.0688980137509549,0.0984269903898215,0.0238720516346405
2,VR Only,6,6_tempo_espera_tempo espera_agora,Waiting experience,17,0.0474598930481283,0.1275713885000505,0.0309406064466126
2,VR Only,7,7_manter_correu_positiva_manter positiva,Positive appraisal and optimism,17,0.0509803921568627,0.1658804987612499,0.0402319304483984
2,VR Only,8,8_cinco_estrelas_cinco estrelas_mesma,No perceived change and brief appraisals,17,0.0740864527629233,0.1065285822501322,0.0258369762802702
2,VR Only,9,9_ansiedade_ansiosa_bocadinho_nervosismo,Anxiety and nervousness,17,0.0535873440285205,0.1289196989740416,0.031267619770165
2,VR Only,10,10_sinto_sinto sinto_estável sinto_desde cheguei,Feeling well and stable,17,0.0910873440285204,0.1952443977985329,0.0473537220549096
2,VR Only,11,11_acolhida_acolhimento_acolhida acolhida_sentir,Feeling welcomed,17,0.080977845683728,0.1230624865168124,0.0298470370858804
3,Control,-1,-1_será_será alguém_alguém_família,Unassigned or mixed content,17,0.0032679738562091,0.0134742013909073,0.0032679738562091
3,Control,0,0_tranquila_calma_relaxada_sinto,Calm and relaxation,17,0.2300186741363211,0.2185748426433986,0.0530121860777348
3,Control,1,1_pessoas_cuidado_doentes_todas,Compassionate and professional care,17,0.1067693744164332,0.1565399785004154,0.0379665215287723
3,Control,2,2_mim_diferente_diferença_bocadinho,Subjective emotional and experiential effects,17,0.0768674136321195,0.1147159838834104,0.0278227128528208
3,Control,3,3_cirurgia_vai_fazer_pode depressa,Surgical concerns and coping,17,0.1064892623716153,0.1668548718387916,0.0404682506317785
3,Control,4,4_cima_ir_sítio_abaixo,Movement and sense of place,17,0.0692810457516339,0.1621865167975957,0.0393360082239706
3,Control,5,5_água_natureza_ar_mar,Nature imagery and sensory responses,17,0.0065359477124183,0.0269484027818147,0.0065359477124183
3,Control,6,6_tempo_espera_tempo espera_agora,Waiting experience,17,0.0492530345471521,0.101589034036348,0.0246389598668429
3,Control,7,7_manter_correu_positiva_manter positiva,Positive appraisal and optimism,17,0.1142156862745098,0.1680379994070833,0.0407552012160518
3,Control,8,8_cinco_estrelas_cinco estrelas_mesma,No perceived change and brief appraisals,17,0.0406629318394024,0.0898297049895386,0.0217869036464671
3,Control,9,9_ansiedade_ansiosa_bocadinho_nervosismo,Anxiety and nervousness,17,0.1176470588235294,0.1999540388365757,0.048495977787768
3,Control,10,10_sinto_sinto sinto_estável sinto_desde cheguei,Feeling well and stable,17,0.0201680672268907,0.0578215992076834,0.0140237977044358
3,Control,11,11_acolhida_acolhimento_acolhida acolhida_sentir,Feeling welcomed,17,0.0588235294117647,0.1660527910387678,0.0402737174636151
