response_id,participant_id,question_id,question_text,response,condition_number,has_response,has_condition,included_in_model,condition_label,exclusion_reason,content_text,content_token_count,included_in_response_model,response_model_exclusion_reason
1,1,Q1,Como se sente agora?,"Não, quer dizer, como digo, à medida que se aproxima e ir para o bloco, a ansiedade aumenta e o receio de que algo possa correr mal também.",3,True,True,True,Control,,digo medida aproxima ir bloco ansiedade aumenta receio algo possa correr mal,12,True,
2,2,Q1,Como se sente agora?,"Um bocadinho menos ansiosa, muito mais relaxada, mais descontraída e talvez com um bocadinho mais de esperança.",2,True,True,True,VR Only,,bocadinho menos ansiosa relaxada descontraída talvez bocadinho esperança,8,True,
3,3,Q1,Como se sente agora?,"Estou mais tranquila. Estou mais tranquila, sem dúvida alguma. Sinto mais tranquilidade dentro de mim. Sim.",1,True,True,True,VR Art,,tranquila tranquila dúvida alguma sinto tranquilidade dentro mim,8,True,
4,4,Q1,Como se sente agora?,"Sinto-me igualmente otimista, sinto-me igualmente sem medo, sinto-me mais tranquila porque... Aliás, sinto-me ainda mais tranquila porque estive a descansar e a pensar com boas memórias quando os meus filhos eram pequeninos e quando estava a brincar com eles.",3,True,True,True,Control,,sinto igualmente otimista sinto igualmente medo sinto tranquila aliás sinto ainda tranquila estive descansar pensar boas memórias meus filhos eram pequeninos brincar,22,True,
5,5,Q1,Como se sente agora?,"Primeiro de tudo, agradecer pela experiência, porque deixou-me muito mais tranquila, muito mais serena. As imagens e, inclusivamente, o áudio eram muito bons. A natureza e os animais provocam, proporcionam a si mesmo uma serenidade. E estou muito mais tranquila agora para o procedimento.",2,True,True,True,VR Only,,primeiro agradecer experiência deixou tranquila serena imagens inclusivamente áudio eram bons natureza animais provocam proporcionam si serenidade tranquila agora procedimento,20,True,
6,6,Q1,Como se sente agora?,,3,False,True,False,Control,blank response,,0,False,blank response
7,7,Q1,Como se sente agora?,"em relação ao sentimento da... Da espiritualidade, assim, porque como foi uma imagem de cachoeira de natureza, especificamente, tem uma conexão com a minha religião. Então, ver aquilo foi um pouco emocionante. Foi tipo assim, ok, é tecnologia, é sempre por isso que eu perguntei se era o mesmo vídeo. Não foi uma coincidência do tipo de dizer sempre o mesmo vídeo. Mas, obviamente, para mim esse vídeo toca diferente. Acho que a experiência aqui é muito subjetiva. Se uma outra pessoa que não tivesse a mesma religião talvez pensasse diferente. Para mim veio uma emoção, sim.",2,True,True,True,VR Only,,relação sentimento espiritualidade imagem cachoeira natureza especificamente conexão religião ver pouco emocionante tipo ok tecnologia perguntei vídeo coincidência tipo vídeo obviamente mim vídeo toca diferente experiência subjetiva outra pessoa tivesse mesma religião talvez pensasse diferente mim veio emoção,38,True,
8,8,Q1,Como se sente agora?,,1,False,True,False,VR Art,blank response,,0,False,blank response
9,9,Q1,Como se sente agora?,"Não mudou muito. Na verdade, eu continuo a ter assim sempre um misto da emoção. É sempre uma cirurgia, pronto. Mas, ponto. É uma cirurgia, ponto. No entanto, eu penso sempre que na confiança que eu tenho, por exemplo, no caso do Dr. Carlos Mavioso, que já é terceira cirurgia com ele, e que toda a equipa que envolve todo este processo e toda a equipa que envolve normalmente este tipo de cirurgias, sinto-me mais confiante.",3,True,True,True,Control,,mudou verdade continuo misto emoção cirurgia ponto cirurgia ponto entanto penso confiança exemplo caso dr carlos mavioso terceira cirurgia equipa envolve processo equipa envolve normalmente tipo cirurgias sinto confiante,29,True,
10,10,Q1,Como se sente agora?,,2,False,True,False,VR Only,blank response,,0,False,blank response
11,11,Q1,Como se sente agora?,,,False,False,False,Condition unmatched,blank response,,0,False,blank response
12,12,Q1,Como se sente agora?,"Durante a experiência eu senti muito relaxamento. Depois, acho que voltei um bocadinho à realidade. O Zé falou em doutor Pedro, que estava à minha espera. Eu acho que voltei. Como vocês dizem, é que é eu cai na real. Mas durante o filme deixei mesmo ir. Agora estou a cair mesmo na realidade outra vez, mas pronto.",1,True,True,True,VR Art,,durante experiência senti relaxamento voltei bocadinho realidade zé falou doutor pedro espera voltei dizem cai real durante filme deixei ir agora cair realidade outra vez,25,True,
13,13,Q1,Como se sente agora?,"Sim, sinto-me mais relaxada ainda, mais tranquila, porque também tenho o corpo relaxado e descansado e sinto-me muito bem.",3,True,True,True,Control,,sinto relaxada ainda tranquila corpo relaxado descansado sinto,8,True,
14,14,Q1,Como se sente agora?,"Eu acho que talvez me prestaria mais um bocadinho, talvez mais relaxada. Estava a observar, estava descontraída",1,True,True,True,VR Art,,talvez prestaria bocadinho talvez relaxada observar descontraída,7,True,
15,15,Q1,Como se sente agora?,"Eu estou bem, fiquei bem.",2,True,True,True,VR Only,,fiquei,1,True,
16,16,Q1,Como se sente agora?,,3,False,True,False,Control,blank response,,0,False,blank response
17,17,Q1,Como se sente agora?,"A sensação de nós estarmos a viajar com o vídeo, então há momentos bem bonitos, quando vamos atrás do pássaro parece que estamos mesmo lá, então isso cria um sentimento muito agradável, esquecendo-nos que estamos aqui.",1,True,True,True,VR Art,,sensação estarmos viajar vídeo momentos bonitos vamos atrás pássaro parece estamos lá cria sentimento agradável esquecendo estamos,17,True,
18,18,Q1,Como se sente agora?,"Foi agradável, bastante, e bastante relaxante. Estou completamente relaxada, como estava a dizer. O acolhimento é cinco estrelas.",2,True,True,True,VR Only,,agradável bastante bastante relaxante completamente relaxada acolhimento cinco estrelas,9,True,
19,19,Q1,Como se sente agora?,"Não no estado de espírito, mas no nível de relaxamento. Sinto-me mais relaxada. Mesmo no início, sentindo que achava que me ia enervar por causa dos pássaros. Mas a verdade é que tentei-me focar no verde e naquilo que são os elementos da natureza. E depois lembrei-me da viagem. Eu acho que se ficasse mais tempo ia acabar por relaxar ainda mais.",2,True,True,True,VR Only,,estado espírito nível relaxamento sinto relaxada início sentindo achava ia enervar causa pássaros verdade tentei focar verde naquilo elementos natureza lembrei viagem ficasse tempo ia acabar relaxar ainda,28,True,
20,20,Q1,Como se sente agora?,"Eu penso que me sinto um pouco mais tranquila, relaxada, porque, bem, na preparação, você fica mais tranquila e com fome.",3,True,True,True,Control,,penso sinto pouco tranquila relaxada preparação fica tranquila fome,9,True,
21,21,Q1,Como se sente agora?,durante o vídeo eu abstraí-me completamente do sítio onde estava estava completamente envolvida no vídeo após tirar os óculos senti-me um bocadinho mais calma mas como entretanto entrou o doutor Pedro o meu pensamento voltou outra vez para a cirurgia mas acho que o facto desse vídeo ser neste momento eu acho que sim que faz muito sentido principalmente para quem está com descansamentos,1,True,True,True,VR Art,,durante vídeo abstraí completamente sítio onde completamente envolvida vídeo após tirar óculos senti bocadinho calma entretanto entrou doutor pedro pensamento voltou outra vez cirurgia facto desse vídeo neste momento faz sentido principalmente descansamentos,33,True,
22,22,Q1,Como se sente agora?,"Eu acho que estava um bocadinho mais relaxada até vocês saírem daqui. Acho que estava um bocadinho mais. Mas agora já fica, já... Nem que não seja a falar comigo, mas já é. Na família, não é? Próxima, nos amigos. E que isto passe depressa. E que corra tudo bem, que fique bem. E que o tempo, agora, morte por me acordarem na sala no recobro. O tempo me custou muito a passar. Custou mais, até pensava que se tinha esquecido de mim, estou a brincar. Falou em 12 minutos, não foi? E foi 12 minutos. Ah, apareceu assim, tipo, mais, um bocadinho.",3,True,True,True,Control,,bocadinho relaxada saírem daqui bocadinho agora fica seja falar comigo família próxima amigos passe depressa corra fique tempo agora morte acordarem sala recobro tempo custou passar custou pensava tinha esquecido mim brincar falou minutos minutos ah apareceu tipo bocadinho,39,True,
23,23,Q1,Como se sente agora?,,2,False,True,False,VR Only,blank response,,0,False,blank response
24,24,Q1,Como se sente agora?,igual apesar de que tenho uma experiência nova era de toda a improvável que fosse neste sítio é divertido por isso e acho que pode ajudar algumas pessoas que sem os meus medos de precipícios e de cobras conseguirem entrar nesse mundo e distrair-se um bocadinho é mais complicado encontrar uma cobra em um precipício são duas coisas que se calhar os meus valores já aumentaram mas de resto gostei,1,True,True,True,VR Art,,igual apesar experiência nova improvável fosse neste sítio divertido pode ajudar algumas pessoas meus medos precipícios cobras conseguirem entrar nesse mundo distrair bocadinho complicado encontrar cobra precipício duas calhar meus valores aumentaram resto gostei,34,True,
25,25,Q1,Como se sente agora?,"continuo a sentir-me tranquila, agora acho que até um bocadinho mais relaxada e com aqui boas memórias, porque as imagens levaram-me para sítios que também já visitei, então é uma experiência muito, muito agradável.",2,True,True,True,VR Only,,continuo sentir tranquila agora bocadinho relaxada boas memórias imagens levaram sítios visitei experiência agradável,14,True,
26,26,Q1,Como se sente agora?,"Bem, ansiosa um bocadinho, não é? Preocupada um bocadinho, não é uma situação confortável, mas pronto, mas tudo bem. Estou tranquila, não...",3,True,True,True,Control,,ansiosa bocadinho preocupada bocadinho situação confortável tranquila,7,True,
27,27,Q1,Como se sente agora?,sinto-me calma confiante e pouco preocupada sim,1,True,True,True,VR Art,,sinto calma confiante pouco preocupada,5,True,
28,28,Q1,Como se sente agora?,Tanto desjo que isto acabe,2,True,True,True,VR Only,,tanto desjo acabe,3,True,
29,29,Q1,Como se sente agora?,"Bem, dentro do normal, bem, dentro das circunstâncias",3,True,True,True,Control,,dentro normal dentro circunstâncias,4,True,
30,30,Q1,Como se sente agora?,,1,False,True,False,VR Art,blank response,,0,False,blank response
31,31,Q1,Como se sente agora?,Eu sinto-me bem.,1,True,True,True,VR Art,,sinto,1,True,
32,32,Q1,Como se sente agora?,"Agora, agora parece que estou assim um bocadinho mais agitada. Não gostei muito das alturas, não.",2,True,True,True,VR Only,,agora agora parece bocadinho agitada gostei alturas,7,True,
33,33,Q1,Como se sente agora?,"Então, eu estou, continuo tranquila, foi interessante, porque me lembrei de uma viagem que fiz à Tailândia, e da cascata, e de estar lá embaixo, e a brincar, a brincar apesar de eu já ser crescida, nessa altura, mas brinca-se sempre. E depois achei piada também a repetição e ao voltar ao início das imagens, mas aí já de um ponto de vista muito racional. Já não estava tão... O que me fez confusão foi que aparece na imagem o menu. É uma variável parasita.",,True,False,False,Condition unmatched,condition not matched,continuo tranquila interessante lembrei viagem fiz tailândia cascata lá embaixo brincar brincar apesar crescida nessa altura brinca achei piada repetição voltar início imagens aí ponto vista racional tão fez confusão aparece imagem menu variável parasita,35,False,condition not matched
34,34,Q1,Como se sente agora?,"Porque a minha intranquilidade deve-se ao facto desta experiência com o enfermeiro que bateu-me imenso nas mãos. E depois acho que um bom profissional não põe a culpa no doente. E depois estava a dizer que eu é que afastei a mão da outra enfermeira. pôs logo e vê-se perfeitamente que entrou na veia logo. Não é andar com o bico à procura, ainda por cima numa zona que é fácil de acesso. Isto tem sido bastante fácil. Isso pôs-me intranquila. Também não acho que falar muito alto e ser muito expansivo traga tranquilidade. Acho que uma voz calma para estas situações é o ideal. fazer exercícios que eu já costumo fazer que é respiração profunda respirar, reter e depois deitar fora o ar pensando sempre que estou num riacho que estou a nadar numa água muito quente e que estou numa experiência eu associo sempre as experiências aquáticas a coisas boas mas o verbo também é importante então eu situo-me num riacho com águas moras em que estou tranquilamente a nadar. E vou fazendo a respiração a pensar nisso.",3,True,True,True,Control,,intranquilidade deve facto desta experiência enfermeiro bateu imenso mãos profissional põe culpa doente afastei mão outra enfermeira pôs logo vê perfeitamente entrou veia logo andar bico procura ainda cima zona fácil acesso bastante fácil pôs intranquila falar alto expansivo traga tranquilidade voz calma situações ideal fazer exercícios costumo fazer respiração profunda respirar reter deitar fora ar pensando riacho nadar água quente experiência associo experiências aquáticas boas verbo importante situo riacho águas moras tranquilamente nadar vou fazendo respiração pensar nisso,79,True,
35,35,Q1,Como se sente agora?,"Estou bem disposta. Sinto uma calma. O filme é um bocadinho assustador. Tem muitas cores escuras e fantasmas. E parece que vamos colidir contra as estruturas, as paredes. E água, muita água. Sensação de afogamento. É assim.",1,True,True,True,VR Art,,disposta sinto calma filme bocadinho assustador cores escuras fantasmas parece vamos colidir contra estruturas paredes água água sensação afogamento,19,True,
36,36,Q1,Como se sente agora?,Um bocadito mais calma que estive tanto acusada.,3,True,True,True,Control,,bocadito calma estive tanto acusada,5,True,
37,37,Q1,Como se sente agora?,"Estou relaxada, mas um pouquinho preocupada, mas confiante.",2,True,True,True,VR Only,,relaxada pouquinho preocupada confiante,4,True,
38,38,Q1,Como se sente agora?,"Foi muito bonito, a animação foi muito bonita. Fez-me querer sair e passear e ver coisas novas. Natureza, coisas que eu adoro, natureza. Caminhadas. Fez-me levantar e sair",1,True,True,True,VR Art,,bonito animação bonita fez querer sair passear ver novas natureza adoro natureza caminhadas fez levantar sair,16,True,
39,39,Q1,Como se sente agora?,"Muito tranquila. Estive a pensar em coisas de trabalho. Coisas que tenho que resolver. E que... Pronto, coisas de trabalho mesmo.",3,True,True,True,Control,,tranquila estive pensar trabalho resolver trabalho,6,True,
40,40,Q1,Como se sente agora?,"Sinto-me bem, sinto-me estável.",2,True,True,True,VR Only,,sinto sinto estável,3,True,
41,41,Q1,Como se sente agora?,Estou mais calma. Não era medo. São imagens muito fortes. A gente irá andar. Parece que vamos andar no mar. E no ar.,1,True,True,True,VR Art,,calma medo imagens fortes gente irá andar parece vamos andar mar ar,12,True,
42,42,Q1,Como se sente agora?,"Sinto bem. Sinto bem. Ligeiramente a aguardar a entrada para a cirurgia. Confiante, acho que sim. Eu acho que é importante a pessoa manter-se positiva. O esforço é manter-se sempre positiva e neste nível de positividade. Porque se vai abaixo, depois é muito mais difícil caminhar para cima. Portanto, o esforço é não ir abaixo. Não é o sair da coisa, é muito mais complicado.",3,True,True,True,Control,,sinto sinto ligeiramente aguardar entrada cirurgia confiante importante pessoa manter positiva esforço manter positiva neste nível positividade vai abaixo difícil caminhar cima esforço ir abaixo sair complicado,27,True,
43,43,Q1,Como se sente agora?,"Foi uma sensação de estar numa ligação, de sensação de paz, de equilíbrio, de harmonia e ajudou-me a relaxar. E houve determinados momentos que comecei a fechar os olhos, a sentir mais sonolência, mas no sentido de estar relaxada, tranquila e em paz. Foi uma sensação muito de conforto e de relaxamento.",2,True,True,True,VR Only,,sensação ligação sensação paz equilíbrio harmonia ajudou relaxar determinados momentos comecei fechar olhos sentir sonolência sentido relaxada tranquila paz sensação conforto relaxamento,22,True,
44,44,Q1,Como se sente agora?,calma sendo tranquila gostei do do vídeo da animação gostei acho que ia ser mais realista ia ser mais realista mas achei achei que me despertou também a curiosidade de ver as várias coisas que estariam a acontecer hum Como é que me sinto? Sinto-me ainda mais abstraída da cirurgia.,1,True,True,True,VR Art,,calma sendo tranquila gostei vídeo animação gostei ia realista ia realista achei achei despertou curiosidade ver várias estariam acontecer hum sinto sinto ainda abstraída cirurgia,25,True,
45,45,Q1,Como se sente agora?,"Estou-me a sentir, ou seja, um pouco, não diria ansiosa, mas pode ser ansiosa. Espero que isso passe tudo, não é? E que a cirurgia seja feita rapidamente, mas tranquila, mas tranquila e confiante, que vai correr tudo bem.",3,True,True,True,Control,,sentir seja pouco diria ansiosa pode ansiosa espero passe cirurgia seja feita rapidamente tranquila tranquila confiante vai correr,18,True,
46,46,Q1,Como se sente agora?,Sinto-me bem. Relaxada Bem.,2,True,True,True,VR Only,,sinto relaxada,2,True,
47,47,Q1,Como se sente agora?,"Bem Não, tudo bem.",1,True,True,True,VR Art,,,0,False,no substantive tokens after stopword removal
48,48,Q1,Como se sente agora?,,3,False,True,False,Control,blank response,,0,False,blank response
49,49,Q1,Como se sente agora?,Bem,2,True,True,True,VR Only,,,0,False,no substantive tokens after stopword removal
50,50,Q1,Como se sente agora?,"Pronto, o filme, de facto, dá uma sensação de calma. Mas depois põe-nos em diversas situações em que quando nós entramos numa floresta, obviamente umas árvores muito elevadas, muito grandes, eu fiquei com uma sensação, não é bem assustadora, mas é de claustrofobia. E depois as árvores ficam lá em cima e nós ficamos no chão. ou seja, muito pequenino, e penso que é uma certa falta de ar. Entretanto, saímos daí e, outra vez, ar, mar, montanhas ao fundo, portanto, é a parte que eu mais gosto. Portanto, essa sensação... obrigou-me a ir lá acima e depois vim cá abaixo e depois pude ir para cima. Mas a música ajuda a que nós mantenhamos calmas.",1,True,True,True,VR Art,,filme facto dá sensação calma põe diversas situações entramos floresta obviamente árvores elevadas grandes fiquei sensação assustadora claustrofobia árvores ficam lá cima ficamos chão seja pequenino penso certa falta ar entretanto saímos daí outra vez ar mar montanhas fundo parte gosto sensação obrigou ir lá acima vim cá abaixo pude ir cima música ajuda mantenhamos calmas,56,True,
51,51,Q1,Como se sente agora?,"Porque sinto muito tudo isto. Porque sou médica, sou cirurgiã e sou cirurgiã de mama. Por isso, sei os passos que me vão, que eu vou ter que seguir e que vou ter que passar. Sei o tipo de cirurgia que me vão fazer. Acompanho tudo isto. Faço isto aos meus doentes. E então, por um lado, estou descansada porque estou com um ótimo cirurgião, mas sei que o que eu faço também, e que às vezes as coisas não correm tão bem como nós queremos. Por isso.",3,True,True,True,Control,,sinto sou médica sou cirurgiã sou cirurgiã mama sei passos vão vou seguir vou passar sei tipo cirurgia vão fazer acompanho faço meus doentes lado descansada ótimo cirurgião sei faço às vezes correm tão queremos,35,True,
52,52,Q1,Como se sente agora?,"Pronto, mais ou menos a mesma coisa. Eu estou me sentindo bem. só estou, pronto, um bocadinho preocupada para o resultado que lá vem. É mesmo só essa ansiosa, ansiosa, pode mais depressa melhor, pode mais depressa isto, pode mais depressa sai, mas é mesmo, a preocupação é mesmo o cuidado e o pós, o que é que vai vir a seguir, vai correr tudo bem, é certo, mas não deixa de ser uma cirurgia, não deixa de ser... tirar um bocadinho de mim e o resultado que vem de lá. Mas pronto, é só isso.",2,True,True,True,VR Only,,menos mesma sentindo bocadinho preocupada resultado lá vem ansiosa ansiosa pode depressa melhor pode depressa pode depressa sai preocupação cuidado pós vai vir seguir vai correr certo deixa cirurgia deixa tirar bocadinho mim resultado vem lá,36,True,
53,53,Q1,Como se sente agora?,"Me sinto mais tranquila, gostei muito. Me levou a outro lugar e me deixou mais calma e tranquila e sem ansiedade.",1,True,True,True,VR Art,,sinto tranquila gostei levou outro lugar deixou calma tranquila ansiedade,10,True,
54,54,Q1,Como se sente agora?,"Estou um bocadinho mais calma, foi bom, gostei de ver as imagens. Foi uma experiência boa.",2,True,True,True,VR Only,,bocadinho calma gostei ver imagens experiência,6,True,
55,55,Q1,Como se sente agora?,,3,False,True,False,Control,blank response,,0,False,blank response
56,56,Q1,Como se sente agora?,"Sinto-me tranquila, estou em paz, nada, com medo de nada, sinto-me bem.",1,True,True,True,VR Art,,sinto tranquila paz medo sinto,5,True,
57,57,Q1,Como se sente agora?,Sinto-me bem.,2,True,True,True,VR Only,,sinto,1,True,
58,58,Q1,Como se sente agora?,"Sinto-me de forma similar à anterior. Então, os níveis de ansiedade são os mesmos. Durante estes 12 minutos estive a fazer aqui uma técnica própria que desenvolvi para não escalar a ansiedade durante o período que tenho de esperar até a entrada na sala de cirurgia. A minha técnica consta em fazer uma revisão do que tenho para fazer depois da cirurgia e organizar os meus pensamentos, organizar os meus planos, de maneira a que não foque no que realmente me preocupa no imediato que vai acontecer.",3,True,True,True,Control,,sinto forma similar anterior níveis ansiedade mesmos durante minutos estive fazer técnica própria desenvolvi escalar ansiedade durante período esperar entrada sala cirurgia técnica consta fazer revisão fazer cirurgia organizar meus pensamentos organizar meus planos maneira foque realmente preocupa imediato vai acontecer,41,True,
59,59,Q1,Como se sente agora?,"Eu acho que estou um bocadinho mais calma. Não é que antes estivesse estressada, mas estou um bocadinho mais calma. Ajudou de alguma forma. Mais um bocadinho eu acho que adormecia, o que significa que é bom.",1,True,True,True,VR Art,,bocadinho calma antes estivesse estressada bocadinho calma ajudou alguma forma bocadinho adormecia significa,13,True,
60,60,Q1,Como se sente agora?,"Estou tranquila, confiante. Estou a tentar estar relaxada.",3,True,True,True,Control,,tranquila confiante tentar relaxada,4,True,
61,1,Q2,Sente alguma diferença em relação a como se sentia antes?,,3,False,True,False,Control,blank response,,0,False,blank response
62,2,Q2,Sente alguma diferença em relação a como se sentia antes?,Sim,2,True,True,True,VR Only,,,0,False,no substantive tokens after stopword removal
63,3,Q2,Sente alguma diferença em relação a como se sentia antes?,,1,False,True,False,VR Art,blank response,,0,False,blank response
64,4,Q2,Sente alguma diferença em relação a como se sentia antes?,,3,False,True,False,Control,blank response,,0,False,blank response
65,5,Q2,Sente alguma diferença em relação a como se sentia antes?,,2,False,True,False,VR Only,blank response,,0,False,blank response
66,6,Q2,Sente alguma diferença em relação a como se sentia antes?,,3,False,True,False,Control,blank response,,0,False,blank response
67,7,Q2,Sente alguma diferença em relação a como se sentia antes?,,2,False,True,False,VR Only,blank response,,0,False,blank response
68,8,Q2,Sente alguma diferença em relação a como se sentia antes?,,1,False,True,False,VR Art,blank response,,0,False,blank response
69,9,Q2,Sente alguma diferença em relação a como se sentia antes?,,3,False,True,False,Control,blank response,,0,False,blank response
70,10,Q2,Sente alguma diferença em relação a como se sentia antes?,,2,False,True,False,VR Only,blank response,,0,False,blank response
71,11,Q2,Sente alguma diferença em relação a como se sentia antes?,,,False,False,False,Condition unmatched,blank response,,0,False,blank response
72,12,Q2,Sente alguma diferença em relação a como se sentia antes?,,1,False,True,False,VR Art,blank response,,0,False,blank response
73,13,Q2,Sente alguma diferença em relação a como se sentia antes?,"Nem me lembro. Não sei, porque eu acho que adormeci mesmo.",3,True,True,True,Control,,lembro sei adormeci,3,True,
74,14,Q2,Sente alguma diferença em relação a como se sentia antes?,,1,False,True,False,VR Art,blank response,,0,False,blank response
75,15,Q2,Sente alguma diferença em relação a como se sentia antes?,"Estou um bocadinho mais calma, fiquei mais relaxada e soube-me bem este bocadinho. Ajudou a descontrair um bocadinho.",2,True,True,True,VR Only,,bocadinho calma fiquei relaxada soube bocadinho ajudou descontrair bocadinho,9,True,
76,16,Q2,Sente alguma diferença em relação a como se sentia antes?,"sim, acho que sinto sinto um pouco mais de ansiedade acho eu, nada assim de extraordinário mas pronto, ficar aqui sozinha sem ninguém para falar ou para abstrair daqui acho que aumenta um bocadinho a ansiedade",3,True,True,True,Control,,sinto sinto pouco ansiedade extraordinário ficar sozinha ninguém falar abstrair daqui aumenta bocadinho ansiedade,14,True,
77,17,Q2,Sente alguma diferença em relação a como se sentia antes?,"Eu acho que a diferença, eu já estava calma, acho que a diferença foi explotar um bocadinho mais de sentimentos mais de alegria, mais bem disposta, digamos.",1,True,True,True,VR Art,,diferença calma diferença explotar bocadinho sentimentos alegria disposta digamos,9,True,
78,18,Q2,Sente alguma diferença em relação a como se sentia antes?,,2,False,True,False,VR Only,blank response,,0,False,blank response
79,19,Q2,Sente alguma diferença em relação a como se sentia antes?,,2,False,True,False,VR Only,blank response,,0,False,blank response
80,20,Q2,Sente alguma diferença em relação a como se sentia antes?,,3,False,True,False,Control,blank response,,0,False,blank response
81,21,Q2,Sente alguma diferença em relação a como se sentia antes?,,1,False,True,False,VR Art,blank response,,0,False,blank response
82,22,Q2,Sente alguma diferença em relação a como se sentia antes?,,3,False,True,False,Control,blank response,,0,False,blank response
83,23,Q2,Sente alguma diferença em relação a como se sentia antes?,,2,False,True,False,VR Only,blank response,,0,False,blank response
84,24,Q2,Sente alguma diferença em relação a como se sentia antes?,"mais rica, conheço mais coisas não conhecia",1,True,True,True,VR Art,,rica conheço conhecia,3,True,
85,25,Q2,Sente alguma diferença em relação a como se sentia antes?,,2,False,True,False,VR Only,blank response,,0,False,blank response
86,26,Q2,Sente alguma diferença em relação a como se sentia antes?,"Não, não, não, acho que...",3,True,True,True,Control,,,0,False,no substantive tokens after stopword removal
87,27,Q2,Sente alguma diferença em relação a como se sentia antes?,"eventualmente sim este tempo de espera seria muito mais para mim sofreria mais porque estaria mais entregue a mim própria eventualmente e E a pensar não nos problemas e não em outras coisas, que foi o que aconteceu aqui. Estive distraída e numa dimensão completamente diferente.",1,True,True,True,VR Art,,eventualmente tempo espera seria mim sofreria estaria entregue mim própria eventualmente pensar problemas outras aconteceu estive distraída dimensão completamente diferente,20,True,
88,28,Q2,Sente alguma diferença em relação a como se sentia antes?,,2,False,True,False,VR Only,blank response,,0,False,blank response
89,29,Q2,Sente alguma diferença em relação a como se sentia antes?,não.,3,True,True,True,Control,,,0,False,no substantive tokens after stopword removal
90,30,Q2,Sente alguma diferença em relação a como se sentia antes?,,1,False,True,False,VR Art,blank response,,0,False,blank response
91,31,Q2,Sente alguma diferença em relação a como se sentia antes?,"Não, é igual. É a mesma coisa.",1,True,True,True,VR Art,,igual mesma,2,True,
92,32,Q2,Sente alguma diferença em relação a como se sentia antes?,Estou assim um bocadinho mais agitada.,2,True,True,True,VR Only,,bocadinho agitada,2,True,
93,33,Q2,Sente alguma diferença em relação a como se sentia antes?,Sinto-me mais descontraída,,True,False,False,Condition unmatched,condition not matched,sinto descontraída,2,False,condition not matched
94,34,Q2,Sente alguma diferença em relação a como se sentia antes?,"Sim, sinto-me mais tranquila.",3,True,True,True,Control,,sinto tranquila,2,True,
95,35,Q2,Sente alguma diferença em relação a como se sentia antes?,"Não prejudicou, mas também não melhorou.",1,True,True,True,VR Art,,prejudicou melhorou,2,True,
96,36,Q2,Sente alguma diferença em relação a como se sentia antes?,,3,False,True,False,Control,blank response,,0,False,blank response
97,37,Q2,Sente alguma diferença em relação a como se sentia antes?,Estou mais descontraída. Estou a ouvir o barulho da água.,2,True,True,True,VR Only,,descontraída ouvir barulho água,4,True,
98,38,Q2,Sente alguma diferença em relação a como se sentia antes?,"Sim, agora foi menos ansiosa. Fez com que eu relaxasse.",1,True,True,True,VR Art,,agora menos ansiosa fez relaxasse,5,True,
99,39,Q2,Sente alguma diferença em relação a como se sentia antes?,Não.,3,True,True,True,Control,,,0,False,no substantive tokens after stopword removal
100,40,Q2,Sente alguma diferença em relação a como se sentia antes?,Sinto-me mais calma.,2,True,True,True,VR Only,,sinto calma,2,True,
101,41,Q2,Sente alguma diferença em relação a como se sentia antes?,,1,False,True,False,VR Art,blank response,,0,False,blank response
102,42,Q2,Sente alguma diferença em relação a como se sentia antes?,"Não, não, não.",3,True,True,True,Control,,,0,False,no substantive tokens after stopword removal
103,43,Q2,Sente alguma diferença em relação a como se sentia antes?,"Sinto que estou mais tranquila e mais sossegada, mais relaxada.",2,True,True,True,VR Only,,sinto tranquila sossegada relaxada,4,True,
104,44,Q2,Sente alguma diferença em relação a como se sentia antes?,"Sim, sim, sinto que durante estes minutinhos deu para desligar, não é? Do que está a acontecer e estar assim, embranhada aqui na pequena experiência. Portanto, sim, sinto que foi positivo.",1,True,True,True,VR Art,,sinto durante minutinhos deu desligar acontecer embranhada pequena experiência sinto positivo,11,True,
105,45,Q2,Sente alguma diferença em relação a como se sentia antes?,"Não, não sinto.",3,True,True,True,Control,,sinto,1,True,
106,46,Q2,Sente alguma diferença em relação a como se sentia antes?,"Não é significativo. É claro que se sente um bocadinho, mas não é assim uma diferença, no meu caso, significativa. Nas imagens a pessoa tenta ir ao local, não é? O barulho dos pássaros, o barulho da água, o verde, o céu, tudo. Mas pronto, a pessoa sabe que vai ser operada, não é? Portanto, o pensamento não sai daí. No meu caso, porque quero despachar as coisas, quero mesmo despachar, e portanto não é totalmente transportar para aquele lado e não se lembrar do que é que vai. Fazer daí a 10 minutos, não.",2,True,True,True,VR Only,,significativo claro sente bocadinho diferença caso significativa imagens pessoa tenta ir local barulho pássaros barulho água verde céu pessoa sabe vai operada pensamento sai daí caso quero despachar quero despachar totalmente transportar lado lembrar vai fazer daí minutos,38,True,
107,47,Q2,Sente alguma diferença em relação a como se sentia antes?,"Não, não. Estou bem, mas eu tenho muito medo das alturas. Eu houve ali mal um sítio que nós vamos e parece que vamos cair. Mas o resto não. Mas sabe, eu acho que aquilo tudo, a fotografia e tudo, é tudo tão bonito que nós, às tantas, estamos a olhar para aquilo. Estamos em outro sítio, já estamos ali, já.",1,True,True,True,VR Art,,medo alturas ali mal sítio vamos parece vamos cair resto sabe fotografia tão bonito às tantas estamos olhar estamos outro sítio estamos ali,23,True,
108,48,Q2,Sente alguma diferença em relação a como se sentia antes?,,3,False,True,False,Control,blank response,,0,False,blank response
109,49,Q2,Sente alguma diferença em relação a como se sentia antes?,"u não sei porquê, mas eu estou tão tranquila hoje que não é normal, acho eu. Não, estou tranquila. É assim, eu acho que é muito bom para quem vem com medo, ansiosa, acho que é bom porque ouvir a água, os passarinhos, mas... Eu acho que preferia estar com os olhos fechados e ouvir aquilo tudo. Acho que para mim o som faz mais efeito que a imagem.",2,True,True,True,VR Only,,sei porquê tão tranquila hoje normal tranquila vem medo ansiosa ouvir água passarinhos preferia olhos fechados ouvir mim som faz efeito imagem,22,True,
110,50,Q2,Sente alguma diferença em relação a como se sentia antes?,"Eu sou muito ansiosa e, portanto, continuo com a minha realidade, não é? Mas naquele bocadinho eu gostei de ver o filme, achei interessante. Eu achei que psicologicamente pode ajudar. Mas o filme é interessante. Está bem feito, a música está muito bem escolhida e leva-nos, de facto, a várias sensações. Essa parte, por exemplo, das flores e das árvores, não gostei, porque senti uma certa falta de ar. Depois a coisa acalma e voltamos, outra vez, ao melhor. A mais espaço e mais visão e mais mar.",1,True,True,True,VR Art,,sou ansiosa continuo realidade naquele bocadinho gostei ver filme achei interessante achei psicologicamente pode ajudar filme interessante feito música escolhida leva facto várias sensações parte exemplo flores árvores gostei senti certa falta ar acalma voltamos outra vez melhor espaço visão mar,41,True,
111,51,Q2,Sente alguma diferença em relação a como se sentia antes?,"um bocadinho mais calma. ansiosa por esto passar, para ver se acaba rápido.",3,True,True,True,Control,,bocadinho calma ansiosa esto passar ver acaba rápido,8,True,
112,52,Q2,Sente alguma diferença em relação a como se sentia antes?,"Se eu não tivesse estado com os óculos, é mais fácil assim. Se eu agora não estar com os óculos, e esse cara está focado noutras questões, ou noutros assuntos, ou até mesmo na cirurgia, que é uma coisa que eu acho que a gente agora tem que tentar um bocadinho esquecer. Não é que não seja importante, mas lá está. Para não provocar a ansiedade e o nervosismo, acho que a gente tem que tentar... passar um bocadinho ao lado e tentar pensar em outras coisas que não a cirurgia.",2,True,True,True,VR Only,,tivesse estado óculos fácil agora óculos cara focado noutras questões noutros assuntos cirurgia gente agora tentar bocadinho esquecer seja importante lá provocar ansiedade nervosismo gente tentar passar bocadinho lado tentar pensar outras cirurgia,33,True,
113,53,Q2,Sente alguma diferença em relação a como se sentia antes?,,1,False,True,False,VR Art,blank response,,0,False,blank response
114,54,Q2,Sente alguma diferença em relação a como se sentia antes?,,2,False,True,False,VR Only,blank response,,0,False,blank response
115,55,Q2,Sente alguma diferença em relação a como se sentia antes?,,3,False,True,False,Control,blank response,,0,False,blank response
116,56,Q2,Sente alguma diferença em relação a como se sentia antes?,"Acho que tranquiliza um pouco mais, sim, ajuda bastante, porque lá está, o que eu disse há pouco, desfoca-nos um bocadinho da preocupação e a música, as imagens, acaba por trazer, transmitir a paz, tranquilidade, sim.",1,True,True,True,VR Art,,tranquiliza pouco ajuda bastante lá disse pouco desfoca bocadinho preocupação música imagens acaba trazer transmitir paz tranquilidade,17,True,
117,57,Q2,Sente alguma diferença em relação a como se sentia antes?,Um bocadinho mais calma.,2,True,True,True,VR Only,,bocadinho calma,2,True,
118,58,Q2,Sente alguma diferença em relação a como se sentia antes?,,3,False,True,False,Control,blank response,,0,False,blank response
119,59,Q2,Sente alguma diferença em relação a como se sentia antes?,,1,False,True,False,VR Art,blank response,,0,False,blank response
120,60,Q2,Sente alguma diferença em relação a como se sentia antes?,Agora estou melhor do que quando entrei. Sentir que estava quentinha. Estava a imaginar que estava numa nuvem de conforto. Fantasias.,3,True,True,True,Control,,agora melhor entrei sentir quentinha imaginar nuvem conforto fantasias,9,True,
121,1,Q3,Que aspetos do cuidado prestado foram mais importantes para si?,Não tenho razão de queixa. foi tudo bom.,3,True,True,True,Control,,razão queixa,2,True,
122,2,Q3,Que aspetos do cuidado prestado foram mais importantes para si?,"Com muita atenção, muita disponibilidade, com algum carinho ou muito carinho, muita preocupação. Não, acho que aqui são cinco estrelas.",2,True,True,True,VR Only,,atenção disponibilidade carinho carinho preocupação cinco estrelas,7,True,
123,3,Q3,Que aspetos do cuidado prestado foram mais importantes para si?,"Não, cinco estrelas. Não tenho nada a dizer, não. Acolhida, acolhida, acarinhada. 100%.",1,True,True,True,VR Art,,cinco estrelas acolhida acolhida acarinhada,5,True,
124,4,Q3,Que aspetos do cuidado prestado foram mais importantes para si?,"A atenciosidade de todas as pessoas. As pessoas apresentarem-se pelo nome. Acho que dá um caráter mais pessoal, mais personalizado. Serem todos muito cuidadosos. Acho que foi assim o que eu mais valorizei. A componente humana das pessoas.",3,True,True,True,Control,,atenciosidade todas pessoas pessoas apresentarem nome dá caráter pessoal personalizado serem cuidadosos valorizei componente humana pessoas,16,True,
125,5,Q3,Que aspetos do cuidado prestado foram mais importantes para si?,"Sim, todo o acolhimento é um acolhimento de excelência. O cuidado no detalhe, a preocupação com que sempre nos tratam, o rigor no trato das pessoas é muito importante e faz-nos sentir muito bem. Faz-nos sentir muito bem acolhidos.",2,True,True,True,VR Only,,acolhimento acolhimento excelência cuidado detalhe preocupação tratam rigor trato pessoas importante faz sentir faz sentir acolhidos,16,True,
126,6,Q3,Que aspetos do cuidado prestado foram mais importantes para si?,,3,False,True,False,Control,blank response,,0,False,blank response
127,7,Q3,Que aspetos do cuidado prestado foram mais importantes para si?,"Acho que assim, eu fui... Todo mundo sempre muito simpático, sempre muito perguntando. Não teve uma coisa muito... Não me senti... Não tenho outra palavra para usar. Não me senti no açougue. É isso. Acontece muito em muitos hospitais simplesmente verem como um corpo, uma máquina que está ali para ser consertada. Então as pessoas olharam, perguntaram como eu estava me sentindo. Teve a preocupação quando eu falei que eu estava com espada e tal. Então teve toda uma...",2,True,True,True,VR Only,,mundo simpático perguntando senti outra palavra usar senti açougue acontece hospitais verem corpo máquina ali consertada pessoas olharam perguntaram sentindo preocupação falei espada tal,24,True,
128,8,Q3,Que aspetos do cuidado prestado foram mais importantes para si?,,1,False,True,False,VR Art,blank response,,0,False,blank response
129,9,Q3,Que aspetos do cuidado prestado foram mais importantes para si?,,3,False,True,False,Control,blank response,,0,False,blank response
130,10,Q3,Que aspetos do cuidado prestado foram mais importantes para si?,,2,False,True,False,VR Only,blank response,,0,False,blank response
131,11,Q3,Que aspetos do cuidado prestado foram mais importantes para si?,,,False,False,False,Condition unmatched,blank response,,0,False,blank response
132,12,Q3,Que aspetos do cuidado prestado foram mais importantes para si?,"Hoje não tive nada de especial, foi fazer o exame, a serigrafia, ou não sei quanto, é difícil dizer. E depois passei o tempo todo à espera. Estava dedicada para as 13. Não tem nada assim a... Foi normal o exame de manhã. Sempre com muito cuidado para picar. Mas, quer dizer, houve aí dias que eu tive 4, 5, 6 exames de fazer. E realmente aí há muito mais coisas a realçar de positivo. Hoje não. Hoje tive aquilo de manhã e depois fiquei à espera.",1,True,True,True,VR Art,,hoje especial fazer exame serigrafia sei quanto difícil passei tempo espera dedicada normal exame manhã cuidado picar aí dias exames fazer realmente aí realçar positivo hoje hoje manhã fiquei espera,30,True,
133,13,Q3,Que aspetos do cuidado prestado foram mais importantes para si?,Muito bom. Sempre acho que toda a pessoa que trabalha nesta instituição tem sempre uma delicadeza e um cuidado para tratar com os pacientes. E isso faz esta tranquilidade também.,3,True,True,True,Control,,pessoa trabalha nesta instituição delicadeza cuidado tratar pacientes faz tranquilidade,10,True,
134,14,Q3,Que aspetos do cuidado prestado foram mais importantes para si?,"tudo excelente.Foram todos muito atenciosos, totalmente excelentes.",1,True,True,True,VR Art,,excelente atenciosos totalmente excelentes,4,True,
135,15,Q3,Que aspetos do cuidado prestado foram mais importantes para si?,"Todos me trataram bem, todos responderam às perguntas que eu tinha para fazer. Acho que não houve nenhuma falha.",2,True,True,True,VR Only,,trataram responderam às perguntas tinha fazer nenhuma falha,8,True,
136,16,Q3,Que aspetos do cuidado prestado foram mais importantes para si?,são todos fantásticos,3,True,True,True,Control,,fantásticos,1,True,
137,17,Q3,Que aspetos do cuidado prestado foram mais importantes para si?,"Olha, o acolhimento é excelente, mas esta experiência, no meu entender, é uma mais-valia. Foi fantástico, foi mesmo fantástico.",1,True,True,True,VR Art,,olha acolhimento excelente experiência entender valia fantástico fantástico,8,True,
138,18,Q3,Que aspetos do cuidado prestado foram mais importantes para si?,A única coisa que eu tenho a dizer é que estou bem acolhida.,2,True,True,True,VR Only,,única acolhida,2,True,
139,19,Q3,Que aspetos do cuidado prestado foram mais importantes para si?,"a relação humana, a empatia e a constante presença. Nada, são fora de sério.",2,True,True,True,VR Only,,relação humana empatia constante presença fora sério,7,True,
140,20,Q3,Que aspetos do cuidado prestado foram mais importantes para si?,"Eu penso que todo mundo aqui é muito simpático e agradável e faz a experiência agradável, tranquila. Desde a primeira, porque está a terceira operação. A primeira operação, que era mais grande, eu estava nas nuvens da felicidade, que me iam operar.",3,True,True,True,Control,,penso mundo simpático agradável faz experiência agradável tranquila desde primeira terceira operação primeira operação grande nuvens felicidade iam operar,19,True,
141,21,Q3,Que aspetos do cuidado prestado foram mais importantes para si?,Que é normal.,1,True,True,True,VR Art,,normal,1,True,
142,22,Q3,Que aspetos do cuidado prestado foram mais importantes para si?,"Correu tudo bem.Tudo bem, não tem nada a dizer. Bem tratada. As pessoas tratam muito bem os doentes, os pacientes. Mas tem de ser simplesmente bem tratado.",3,True,True,True,Control,,correu tratada pessoas tratam doentes pacientes tratado,7,True,
143,23,Q3,Que aspetos do cuidado prestado foram mais importantes para si?,,2,False,True,False,VR Only,blank response,,0,False,blank response
144,24,Q3,Que aspetos do cuidado prestado foram mais importantes para si?,Acho que devem continuar.,1,True,True,True,VR Art,,devem continuar,2,True,
145,25,Q3,Que aspetos do cuidado prestado foram mais importantes para si?,"Sim, este acolhimento caloroso, isso é muito positivo. Portanto, esta forma atenciosa com que pedem autorização para colocar os procedimentos, ou avisar que vai ser desagradável, ou pedir desculpa, tudo isso é muito humanizante.",2,True,True,True,VR Only,,acolhimento caloroso positivo forma atenciosa pedem autorização colocar procedimentos avisar vai desagradável pedir desculpa humanizante,15,True,
146,26,Q3,Que aspetos do cuidado prestado foram mais importantes para si?,Pensava que ia ser mais rápido só.,3,True,True,True,Control,,pensava ia rápido,3,True,
147,27,Q3,Que aspetos do cuidado prestado foram mais importantes para si?,"Não, tudo bom. Quero referenciar, de facto, a qualidade dos serviços que me têm sido prestados. A atenção, cuidado a explicar todas as situações, mesmo... quando perguntamos alguma coisa, a preocupação em esclarecer tudo com simpatia, com amabilidade, que é uma das coisas mais importantes destes momentos.",1,True,True,True,VR Art,,quero referenciar facto qualidade serviços prestados atenção cuidado explicar todas situações perguntamos alguma preocupação esclarecer simpatia amabilidade importantes destes momentos,20,True,
148,28,Q3,Que aspetos do cuidado prestado foram mais importantes para si?,Bem tratada,2,True,True,True,VR Only,,tratada,1,True,
149,29,Q3,Que aspetos do cuidado prestado foram mais importantes para si?,"Não, sempre fui bem acolhida aqui.",3,True,True,True,Control,,acolhida,1,True,
150,30,Q3,Que aspetos do cuidado prestado foram mais importantes para si?,,1,False,True,False,VR Art,blank response,,0,False,blank response
151,31,Q3,Que aspetos do cuidado prestado foram mais importantes para si?,Tem sido maravilhoso para mim.,1,True,True,True,VR Art,,maravilhoso mim,2,True,
152,32,Q3,Que aspetos do cuidado prestado foram mais importantes para si?,Estou aqui para colaborar e para fazer o melhor possível. E é só isso.,2,True,True,True,VR Only,,colaborar fazer melhor possível,4,True,
153,33,Q3,Que aspetos do cuidado prestado foram mais importantes para si?,Às vezes faz-me confusão certas conversas de corredor que ouço e que acho que nem é suposto ouvir.,,True,False,False,Condition unmatched,condition not matched,às vezes faz confusão certas conversas corredor ouço suposto ouvir,10,False,condition not matched
154,34,Q3,Que aspetos do cuidado prestado foram mais importantes para si?,"Foi importante, depois a outra enfermeira, quando colocou, com assertividade, porque a assertividade traz tranquilidade. Ela foi muito assertiva, não vacilou. Isso traz-nos tranquilidade. Também me trouxe tranquilidade ver o doutor David como vai operar. Uma amiga, que temos uma amiga comum, que é anestesista, também foi cá cumprimentar. São coisas que são amistosas e boas.",3,True,True,True,Control,,importante outra enfermeira colocou assertividade assertividade traz tranquilidade assertiva vacilou traz tranquilidade trouxe tranquilidade ver doutor david vai operar amiga temos amiga comum anestesista cá cumprimentar amistosas boas,28,True,
155,35,Q3,Que aspetos do cuidado prestado foram mais importantes para si?,"Não, nada. Espetacular.",1,True,True,True,VR Art,,espetacular,1,True,
156,36,Q3,Que aspetos do cuidado prestado foram mais importantes para si?,Toda a gente me acolheu.,3,True,True,True,Control,,gente acolheu,2,True,
157,37,Q3,Que aspetos do cuidado prestado foram mais importantes para si?,"Estou a sentir-me acolhida. Estou bem, não tenho assim nada a dizer.",2,True,True,True,VR Only,,sentir acolhida,2,True,
158,38,Q3,Que aspetos do cuidado prestado foram mais importantes para si?,Não,1,True,True,True,VR Art,,,0,False,no substantive tokens after stopword removal
159,39,Q3,Que aspetos do cuidado prestado foram mais importantes para si?,Não. Tudo ótimo.,3,True,True,True,Control,,ótimo,1,True,
160,40,Q3,Que aspetos do cuidado prestado foram mais importantes para si?,"Não, em princípio, não",2,True,True,True,VR Only,,,0,False,no substantive tokens after stopword removal
161,41,Q3,Que aspetos do cuidado prestado foram mais importantes para si?,Acho que fui tratada igual.,1,True,True,True,VR Art,,tratada igual,2,True,
162,42,Q3,Que aspetos do cuidado prestado foram mais importantes para si?,"Sempr 10, sempre 10",3,True,True,True,Control,,sempr,1,True,
163,43,Q3,Que aspetos do cuidado prestado foram mais importantes para si?,"Pois, o início, houve aquela tribulação nos timings que eu não tinha compreendido bem e que me provocou aqui uns picos e uns aumentos de ansiedade e de nervosismo. O facto de depois chegar cá e ser acolhida e de estar já em tratamento pré-operatório, sinto muito, muito bem acolhida. Muito bem.",2,True,True,True,VR Only,,início tribulação timings tinha compreendido provocou picos aumentos ansiedade nervosismo facto chegar cá acolhida tratamento pré operatório sinto acolhida,19,True,
164,44,Q3,Que aspetos do cuidado prestado foram mais importantes para si?,"Eu acho que não tenho nada a dizer. Normalmente é uma coisa boa. Correu tudo bem. Acho que foi tudo bem. As pessoas com quem encontrei, acho que foram todas muito atenciosas. Acho que sem parecer aquela coisa falsa ou exagerada, porque às vezes... Não, acho que foi tudo muito cordial e acho que foi tudo muito profissional e... E educado e simpático e não tenho nada, aliás, não tenho nada, só o seja, não tenho nada de mal, mas tenho tudo bem a dizer. Só se alentar, porque acho que sinto-me segura de estar aqui. Às vezes parece que das experiências que eu tive, não só da minha parte, mas do acompanhamento que fiz a outros doentes, nomeadamente os meus pais, Às vezes nós não sabermos se as pessoas estão a ser, no mínimo, profissionais, deixam-nos muito mais incertos. Não é de saber, pronto, será que alguém está a olhar? Será que alguém está a ver? Será que tem esse aspecto? Acho que é bom, é bom estar aqui. E estar noutros sítios, em grande circunstância, estou satisfeita com a minha escolha. Estou segura também. Que não estaria melhor em outro sítio.",1,True,True,True,VR Art,,normalmente correu pessoas encontrei todas atenciosas parecer falsa exagerada às vezes cordial profissional educado simpático aliás seja mal alentar sinto segura às vezes parece experiências parte acompanhamento fiz outros doentes nomeadamente meus pais às vezes sabermos pessoas mínimo profissionais deixam incertos saber será alguém olhar será alguém ver será aspecto noutros sítios grande circunstância satisfeita escolha segura estaria melhor outro sítio,61,True,
165,45,Q3,Que aspetos do cuidado prestado foram mais importantes para si?,"Não, está tudo bem, não tenho nada a dizer.",3,True,True,True,Control,,,0,False,no substantive tokens after stopword removal
166,46,Q3,Que aspetos do cuidado prestado foram mais importantes para si?,"Não, tudo impecável como sempre, já é a sexta vez, portanto...",2,True,True,True,VR Only,,impecável sexta vez,3,True,
167,47,Q3,Que aspetos do cuidado prestado foram mais importantes para si?,Sempre isto aqui é outro sítio.,1,True,True,True,VR Art,,outro sítio,2,True,
168,48,Q3,Que aspetos do cuidado prestado foram mais importantes para si?,,3,False,True,False,Control,blank response,,0,False,blank response
169,49,Q3,Que aspetos do cuidado prestado foram mais importantes para si?,O tempo de espera. Isso não se pode dizer. Eu fiz um exame às nove e meia e a cirurgia era para ser às três e meia.,2,True,True,True,VR Only,,tempo espera pode fiz exame às nove meia cirurgia às três meia,12,True,
170,50,Q3,Que aspetos do cuidado prestado foram mais importantes para si?,,1,False,True,False,VR Art,blank response,,0,False,blank response
171,51,Q3,Que aspetos do cuidado prestado foram mais importantes para si?,Não,3,True,True,True,Control,,,0,False,no substantive tokens after stopword removal
172,52,Q3,Que aspetos do cuidado prestado foram mais importantes para si?,Fui bem acolhida.,2,True,True,True,VR Only,,acolhida,1,True,
173,53,Q3,Que aspetos do cuidado prestado foram mais importantes para si?,Não,1,True,True,True,VR Art,,,0,False,no substantive tokens after stopword removal
174,54,Q3,Que aspetos do cuidado prestado foram mais importantes para si?,Está tudo perfeito.,2,True,True,True,VR Only,,perfeito,1,True,
175,55,Q3,Que aspetos do cuidado prestado foram mais importantes para si?,,3,False,True,False,Control,blank response,,0,False,blank response
176,56,Q3,Que aspetos do cuidado prestado foram mais importantes para si?,"Não, está tudo muito bem, tudo muito bom.",1,True,True,True,VR Art,,,0,False,no substantive tokens after stopword removal
177,57,Q3,Que aspetos do cuidado prestado foram mais importantes para si?,"Não, estou sempre bem cuidada desde que cheguei.",2,True,True,True,VR Only,,cuidada desde cheguei,3,True,
178,58,Q3,Que aspetos do cuidado prestado foram mais importantes para si?,"Não, tudo bem.",3,True,True,True,Control,,,0,False,no substantive tokens after stopword removal
179,59,Q3,Que aspetos do cuidado prestado foram mais importantes para si?,"Não, estou contente. Não tenho nada a reclamar.",1,True,True,True,VR Art,,contente reclamar,2,True,
180,60,Q3,Que aspetos do cuidado prestado foram mais importantes para si?,Acho que é toda a gente muito amável e sensível ao meu estar.,3,True,True,True,Control,,gente amável sensível,3,True,
