condition,time,Topic,topic,pagerank,ci_low,ci_high,n_participants,n_transitions
VR Art,pre,0,Anxiety & fear,0.022009974839758736,0.017751479289940832,0.06959352367043796,17,23
VR Art,pre,1,Feeling fine,0.1564471764018527,0.06953032378285903,0.19978615566708566,17,23
VR Art,pre,2,Calm & tranquil,0.15486216318195856,0.06771144346149455,0.19868927643564924,17,23
VR Art,pre,3,The surgery,0.09094045058802822,0.03815341475071446,0.16362461733746558,17,23
VR Art,pre,4,Mixed emotions,0.09560168749859443,0.0367374877308361,0.14066537036977114,17,23
VR Art,pre,5,Optimism,0.23068456465287454,0.07626109561683567,0.2901687638845748,17,23
VR Art,pre,6,Video & nature,0.07520201481638866,0.020517029134181377,0.16039830459940146,17,23
VR Art,pre,7,Expecting it to go well,0.02200997483975874,0.017751479289940832,0.06959352367043797,17,23
VR Art,pre,8,Feeling calmer,0.06588758774131366,0.0334177371319445,0.09312727064562998,17,23
VR Art,pre,9,Relaxed,0.022009974839758736,0.01775147928994083,0.06959352367043795,17,23
VR Art,pre,10,Wanting it over,0.06434443059971323,0.017751479289940832,0.17398080595769522,17,23
VR Art,post,0,Anxiety & fear,0.09999087889205334,0.04255401499110005,0.16441076117418738,17,20
VR Art,post,1,Feeling fine,0.12806399755711861,0.038173505508043805,0.21965546625118748,17,20
VR Art,post,2,Calm & tranquil,0.060006334591116914,0.024511105148373572,0.11980256257374435,17,20
VR Art,post,3,The surgery,0.09973324853770352,0.02304442452950967,0.17456594007748336,17,20
VR Art,post,4,Mixed emotions,0.12266641109732704,0.039759808202552795,0.2895205024186153,17,20
VR Art,post,5,Optimism,0.03279273511022921,0.02304442452950967,0.05416338451795673,17,20
VR Art,post,6,Video & nature,0.2096053278440765,0.0760886582686892,0.31534802371741083,17,20
VR Art,post,7,Expecting it to go well,0.032792735110229204,0.023044424529509673,0.05416338451795673,17,20
VR Art,post,8,Feeling calmer,0.13176106623887082,0.041466312077520294,0.19288350175884406,17,20
VR Art,post,9,Relaxed,0.04979452991104567,0.024264698047572267,0.1276807773330143,17,20
VR Art,post,10,Wanting it over,0.032792735110229204,0.023044424529509673,0.05416338451795673,17,20
VR Only,pre,0,Anxiety & fear,0.11142758928657322,0.037313068438258386,0.19499945888974352,18,22
VR Only,pre,1,Feeling fine,0.1379876005638536,0.04302965751555319,0.1952414274905163,18,22
VR Only,pre,2,Calm & tranquil,0.16595574103567332,0.036954013572434365,0.20953502391732373,18,22
VR Only,pre,3,The surgery,0.060505461918096186,0.03399502159585951,0.12929439973962994,18,22
VR Only,pre,4,Mixed emotions,0.1104727805137471,0.04786838756034913,0.2206573433388251,18,22
VR Only,pre,5,Optimism,0.06050546191809618,0.037555420796443036,0.10996475167537086,18,22
VR Only,pre,6,Video & nature,0.03682709919469937,0.03219038324760194,0.060889901822595634,18,22
VR Only,pre,7,Expecting it to go well,0.15868313940259487,0.08939199825865175,0.19314129453115633,18,22
VR Only,pre,8,Feeling calmer,0.03682709919469936,0.03219038324760194,0.06088990182259563,18,22
VR Only,pre,9,Relaxed,0.07214174641556902,0.04961990018745996,0.1787612099710394,18,22
VR Only,pre,10,Wanting it over,0.04866628055639777,0.04089854831841884,0.08127070052481421,18,22
VR Only,post,0,Anxiety & fear,0.13375160260554433,0.02321192550257376,0.20247757324621138,17,17
VR Only,post,1,Feeling fine,0.09000861275124884,0.03332484728165151,0.29559528085185466,17,17
VR Only,post,2,Calm & tranquil,0.09852678530229009,0.023932231017122146,0.15831132109723986,17,17
VR Only,post,3,The surgery,0.10660252096411933,0.02502714685299147,0.1926618495834565,17,17
VR Only,post,4,Mixed emotions,0.0985267853022901,0.02802128107197791,0.26929679873430495,17,17
VR Only,post,5,Optimism,0.05689221835369192,0.02222222222222223,0.1391871300710164,17,17
VR Only,post,6,Video & nature,0.1648394882406502,0.04752494817555392,0.27716550808139495,17,17
VR Only,post,7,Expecting it to go well,0.0853144339073701,0.02294094914093221,0.18511140454662398,17,17
VR Only,post,8,Feeling calmer,0.028470002800013754,0.02222222222222223,0.05475906821679955,17,17
VR Only,post,9,Relaxed,0.10859754697276779,0.032792140002040206,0.31514378494513956,17,17
VR Only,post,10,Wanting it over,0.028470002800013758,0.02222222222222223,0.05475906821679955,17,17
Control,pre,0,Anxiety & fear,0.05098101949015379,0.014778325123152712,0.1266933049672905,16,20
Control,pre,1,Feeling fine,0.06354259584483359,0.017710918114143926,0.2878079292653138,16,20
Control,pre,2,Calm & tranquil,0.15317252441678708,0.03171310843265791,0.2017586570749421,16,20
Control,pre,3,The surgery,0.26209081425783554,0.048965669837470936,0.32526608403771734,16,20
Control,pre,4,Mixed emotions,0.08518281027529666,0.01612903225806452,0.2929906404208173,16,20
Control,pre,5,Optimism,0.0387357995438845,0.01612903225806452,0.21670986663223887,16,20
Control,pre,6,Video & nature,0.014778325123152712,0.014778325123152712,0.050764556758644865,16,20
Control,pre,7,Expecting it to go well,0.13420033669339002,0.042117778089738184,0.19909937773170738,16,20
Control,pre,8,Feeling calmer,0.12616692118273282,0.02791305925117739,0.1559895650059707,16,20
Control,pre,9,Relaxed,0.014778325123152712,0.014778325123152712,0.05076455675864487,16,20
Control,pre,10,Wanting it over,0.05637052804878069,0.017751479289940832,0.21670986663223885,16,20
Control,post,0,Anxiety & fear,0.10203103937961171,0.03896882870508641,0.15612525502382651,16,16
Control,post,1,Feeling fine,0.10004621489637788,0.03572769742069051,0.20812968511522983,16,16
Control,post,2,Calm & tranquil,0.0854491366277741,0.04251625118765252,0.15235832310675154,16,16
Control,post,3,The surgery,0.20208708622389418,0.08889894448394738,0.3033541800588598,16,16
Control,post,4,Mixed emotions,0.07836461902821037,0.03298145049712073,0.21800127497943966,16,16
Control,post,5,Optimism,0.07836461902821039,0.030687935771684834,0.15885212117405972,16,16
Control,post,6,Video & nature,0.03542111320563289,0.02907789049359558,0.06070403756818562,16,16
Control,post,7,Expecting it to go well,0.13934106585978173,0.03342106282250025,0.23057526611509235,16,16
Control,post,8,Feeling calmer,0.035421113205632876,0.029077890493595583,0.06070403756818561,16,16
Control,post,9,Relaxed,0.07173699627243688,0.033297916249803675,0.14869280360790565,16,16
Control,post,10,Wanting it over,0.07173699627243689,0.032307863549270635,0.1552947267701735,16,16
