condition,Topic,topic,pagerank_change,ci_low,ci_high,p_perm,p_fdr,n
VR Art,0,Anxiety & fear,0.017336560010749673,-0.013968648539548108,0.05541667430683313,0.4761047790441912,0.8175031660334598,9
VR Art,1,Feeling fine,-0.02283587035704239,-0.1436744701131732,0.06892611448718047,0.6682663467306539,0.8175031660334598,9
VR Art,2,Calm & tranquil,-0.028977334720131587,-0.15158499499211459,0.09198540599810051,0.7466506698660268,0.8213157368526295,9
VR Art,3,The surgery,0.05169097945528368,-0.045036259279853275,0.15447569559641838,0.668866226754649,0.8175031660334598,9
VR Art,4,Mixed emotions,0.005661321060844278,-0.054452310720292295,0.055416674306833155,0.8978204359128175,0.8978204359128175,9
VR Art,5,Optimism,-0.14428515843012887,-0.15462378792423492,0.01170535069678326,0.03519296140771846,0.38712257548490303,9
VR Art,6,Video & nature,-0.03681218613805679,-0.12307859903196547,0.014323375704805394,0.6090781843631273,0.8175031660334598,9
VR Art,7,Expecting it to go well,0.017336560010749666,-0.0139686485395481,0.05541667430683313,0.4761047790441912,0.8175031660334598,9
VR Art,8,Feeling calmer,0.06709835286960307,-0.0026275361832153454,0.10885676207431844,0.22315536892621476,0.8175031660334598,9
VR Art,9,Relaxed,0.14265230498961096,-0.004238388063291312,0.16439788189602164,0.16116776644671066,0.8175031660334598,9
VR Art,10,Wanting it over,-0.0688655287514818,-0.15301600029335,0.055416674306833155,0.5332933413317337,0.8175031660334598,9
VR Only,0,Anxiety & fear,-0.05700137949754232,-0.14494737341621283,0.0321512703921263,0.6260747850429914,0.8497633806572019,10
VR Only,1,Feeling fine,0.014460109436907287,-0.07582177829808258,0.116176633462751,0.8784243151369726,0.8784243151369726,10
VR Only,2,Calm & tranquil,-0.0684542192152536,-0.12521496280475675,0.02032309552243476,0.8112377524495101,0.8784243151369726,10
VR Only,3,The surgery,-0.02074437627313308,-0.134086607891323,0.02693087952922483,0.6828634273145371,0.8497633806572019,10
VR Only,4,Mixed emotions,-0.020744376273133067,-0.08010369456264325,0.02032309552243476,0.496500699860028,0.8497633806572019,10
VR Only,5,Optimism,0.07540726253582623,-0.00988641623698476,0.11705175128681744,0.38812237552489504,0.8497633806572019,10
VR Only,6,Video & nature,0.06923509567462098,-0.009886416236984788,0.10307519435865065,0.373125374925015,0.8497633806572019,10
VR Only,7,Expecting it to go well,-0.05605516236211516,-0.10463659326469163,0.003988447874983044,0.24235152969406118,0.8497633806572019,10
VR Only,8,Feeling calmer,0.015406326572334476,-0.009886416236984774,0.03339962116617077,0.6242751449710058,0.8497633806572019,10
VR Only,9,Relaxed,0.03308439282915346,-0.06340047102986751,0.08323643442374529,0.6952609478104379,0.8497633806572019,10
VR Only,10,Wanting it over,0.015406326572334476,-0.00988641623698476,0.03339962116617078,0.6242751449710058,0.8497633806572019,10
Control,0,Anxiety & fear,0.006469154242994629,-0.08715253558438495,0.07263757210543831,0.944011197760448,0.9440111977604478,12
Control,1,Feeling fine,0.060534419602834066,-0.12350779993448133,0.25783171636174534,0.7660467906418716,0.9440111977604478,12
Control,2,Calm & tranquil,0.04996844654895016,-0.05811215793477522,0.1207615008053078,0.5158968206358728,0.9440111977604478,12
Control,3,The surgery,-0.022539538180837093,-0.11874220161856566,0.2319559197945274,0.9108178364327134,0.9440111977604478,12
Control,4,Mixed emotions,-0.0451470369640238,-0.20434416277587636,0.01408643447233246,0.5068986202759448,0.9440111977604478,12
Control,5,Optimism,-0.050217310651712053,-0.2086518592425172,0.01942742040770626,0.670865826834633,0.9440111977604478,12
Control,6,Video & nature,0.006785621819917341,-0.019271768053278952,0.03048124364556153,0.7974405118976204,0.9440111977604478,12
Control,7,Expecting it to go well,-0.03148800962843247,-0.1506683211253189,0.10614109175050553,0.8398320335932813,0.9440111977604478,12
Control,8,Feeling calmer,0.006785621819917334,-0.01927176805327893,0.030481243645561536,0.7974405118976204,0.9440111977604478,12
Control,9,Relaxed,0.057678196415556895,-0.017639808835538076,0.14944790262537047,0.23095380923815237,0.9440111977604478,12
Control,10,Wanting it over,-0.03882956502516513,-0.19049705772095157,0.12534799488733708,0.6544691061787642,0.9440111977604478,12
