condition,Topic,topic,share_pre,share_post,change,p_perm,p_fdr,n,F
all conditions,0,Anxiety & fear,0.2598639455782313,0.08673469387755102,-0.1731292517006803,0.0020997900209979003,0.0230976902309769,49,
all conditions,1,Feeling fine,0.16739552964042761,0.22108843537414968,0.05369290573372207,0.41155884411558846,0.5030163650301637,49,
all conditions,2,Calm & tranquil,0.1445578231292517,0.26870748299319724,0.12414965986394559,0.057894210578942104,0.15398460153984603,49,
all conditions,3,The surgery,0.13119533527696792,0.07142857142857142,-0.0597667638483965,0.2278772122787721,0.31333116688331164,49,
all conditions,4,Mixed emotions,0.06802721088435373,0.05612244897959184,-0.011904761904761904,0.7231276872312768,0.7231276872312768,49,
all conditions,5,Optimism,0.07672497570456754,0.022108843537414963,-0.054616132167152574,0.08399160083991601,0.15398460153984603,49,
all conditions,6,Video & nature,0.011904761904761904,0.09863945578231292,0.08673469387755102,0.009599040095990401,0.0527947205279472,49,
all conditions,7,Expecting it to go well,0.06535471331389699,0.023809523809523808,-0.04154518950437318,0.13888611138886112,0.21824960361106746,49,
all conditions,8,Feeling calmer,0.0014577259475218659,0.06972789115646258,0.0682701652089407,0.015298470152984701,0.0560943905609439,49,
all conditions,9,Relaxed,0.017881438289601554,0.05102040816326531,0.03313896987366375,0.07489251074892511,0.15398460153984603,49,
all conditions,10,Wanting it over,0.055636540330417886,0.030612244897959183,-0.025024295432458696,0.547045295470453,0.6017498250174983,49,
VR Art,0,Anxiety & fear,0.20868347338935575,0.04901960784313725,-0.1596638655462185,0.06919308069193081,0.19028097190280974,17,
VR Art,1,Feeling fine,0.21498599439775906,0.20588235294117646,-0.009103641456582627,0.9378062193780622,1.0,17,
VR Art,2,Calm & tranquil,0.20378151260504201,0.3088235294117647,0.10504201680672269,0.43275672432756723,0.7711800248546574,17,
VR Art,3,The surgery,0.12605042016806722,0.034313725490196074,-0.09173669467787116,0.24567543245675433,0.5404859514048594,17,
VR Art,4,Mixed emotions,0.037815126050420166,0.04411764705882353,0.0063025210084033615,1.0,1.0,17,
VR Art,5,Optimism,0.12114845938375349,0.0,-0.12114845938375349,0.029097090290970903,0.19028097190280974,17,
VR Art,6,Video & nature,0.034313725490196074,0.21568627450980388,0.18137254901960786,0.0638936106389361,0.19028097190280974,17,
VR Art,7,Expecting it to go well,0.0,0.0,0.0,1.0,1.0,17,
VR Art,8,Feeling calmer,0.004201680672268907,0.11274509803921567,0.10854341736694677,0.058194180581941805,0.19028097190280974,17,
VR Art,9,Relaxed,0.0,0.029411764705882353,0.029411764705882353,1.0,1.0,17,
VR Art,10,Wanting it over,0.04901960784313725,0.0,-0.04901960784313725,0.49075092490750927,0.7711800248546574,17,
VR Only,0,Anxiety & fear,0.31484593837535013,0.058823529411764705,-0.25602240896358547,0.013598640135986401,0.14958504149585042,17,
VR Only,1,Feeling fine,0.15406162464985992,0.30392156862745096,0.14985994397759103,0.27817218278172184,0.6119788021197881,17,
VR Only,2,Calm & tranquil,0.09663865546218486,0.24509803921568624,0.1484593837535014,0.16058394160583941,0.6119788021197881,17,
VR Only,3,The surgery,0.06862745098039215,0.0392156862745098,-0.029411764705882353,0.8734126587341265,1.0,17,
VR Only,4,Mixed emotions,0.0896358543417367,0.0980392156862745,0.008403361344537818,0.9377062293770623,1.0,17,
VR Only,5,Optimism,0.07058823529411765,0.0196078431372549,-0.050980392156862744,1.0,1.0,17,
VR Only,6,Video & nature,0.0,0.06862745098039215,0.06862745098039215,0.2532746725327467,0.6119788021197881,17,
VR Only,7,Expecting it to go well,0.10644257703081231,0.0196078431372549,-0.08683473389355742,0.25337466253374663,0.6119788021197881,17,
VR Only,8,Feeling calmer,0.0,0.029411764705882353,0.029411764705882353,1.0,1.0,17,
VR Only,9,Relaxed,0.0319327731092437,0.058823529411764705,0.026890756302521003,0.49735026497350265,0.9118088191180882,17,
VR Only,10,Wanting it over,0.06722689075630252,0.058823529411764705,-0.008403361344537811,1.0,1.0,17,
Control,0,Anxiety & fear,0.25555555555555554,0.16111111111111112,-0.09444444444444446,0.4480551944805519,1.0,15,
Control,1,Feeling fine,0.12857142857142856,0.14444444444444443,0.015873015873015883,0.9685031496850315,1.0,15,
Control,2,Calm & tranquil,0.13174603174603175,0.25,0.11825396825396825,0.38066193380661933,1.0,15,
Control,3,The surgery,0.20793650793650795,0.15,-0.05793650793650796,0.6494350564943505,1.0,15,
Control,4,Mixed emotions,0.07777777777777777,0.02222222222222222,-0.05555555555555555,0.5028497150284972,1.0,15,
Control,5,Optimism,0.03333333333333333,0.05,0.016666666666666666,1.0,1.0,15,
Control,6,Video & nature,0.0,0.0,0.0,1.0,1.0,15,
Control,7,Expecting it to go well,0.09285714285714285,0.05555555555555555,-0.0373015873015873,0.5597440255974403,1.0,15,
Control,8,Feeling calmer,0.0,0.06666666666666667,0.06666666666666667,1.0,1.0,15,
Control,9,Relaxed,0.02222222222222222,0.06666666666666667,0.044444444444444446,0.49875012498750126,1.0,15,
Control,10,Wanting it over,0.05,0.03333333333333333,-0.016666666666666666,1.0,1.0,15,
interaction (ANOVA F),0,Anxiety & fear,,,,0.5010498950104989,0.9572042795720428,49,0.7146804395286431
interaction (ANOVA F),1,Feeling fine,,,,0.549045095490451,0.9572042795720428,49,0.6099424285949449
interaction (ANOVA F),2,Calm & tranquil,,,,0.9572042795720428,0.9572042795720428,49,0.0405770260660335
interaction (ANOVA F),3,The surgery,,,,0.875012498750125,0.9572042795720428,49,0.1369166395662612
interaction (ANOVA F),4,Mixed emotions,,,,0.6942305769423057,0.9572042795720428,49,0.42930401087011205
interaction (ANOVA F),5,Optimism,,,,0.20277972202779723,0.9572042795720428,49,1.6713257460246886
interaction (ANOVA F),6,Video & nature,,,,0.0796920307969203,0.8766123387661233,49,2.5544890433545198
interaction (ANOVA F),7,Expecting it to go well,,,,0.4360563943605639,0.9572042795720428,49,0.9309087202298155
interaction (ANOVA F),8,Feeling calmer,,,,0.5364463553644635,0.9572042795720428,49,0.697013725203759
interaction (ANOVA F),9,Relaxed,,,,0.9342065793420657,0.9572042795720428,49,0.09021173318729296
interaction (ANOVA F),10,Wanting it over,,,,0.8954104589541045,0.9572042795720428,49,0.12328036648189805
