Topic,Count,Name,Representation,Representative_Docs
-1,18,-1_fazer_riacho_respirar_posso fazer,"['fazer', 'riacho', 'respirar', 'posso fazer', 'nadar', 'certas', 'posso', 'custou', 'ansiosa', 'fundo']","['o facto de ter existido aqui um contratempo nos horários da última refeição e do jejum fiquei logo no início de manhã mais ansiosa e com estresse', 'apreensiva pelo pós, pelo que não posso fazer, porque era um paquete, e claro que não posso fazer essas coisas durante os primeiros tempos, daí a minha parte apreensiva', 'fazer exercícios que eu já costumo fazer que é respiração profunda respirar, reter e depois deitar fora o ar pensando sempre que estou num riacho que estou a nadar numa água muito quente, eu situo-me num riacho com águas moras em que estou tranquilamente a nadar']"
0,45,0_ansiosa_ansiedade_medo_bocadinho,"['ansiosa', 'ansiedade', 'medo', 'bocadinho', 'bocadinho ansiosa', 'pouco', 'preocupada', 'receio', 'alguma ansiedade', 'ansiosa bocadinho']","['Ansiosa', 'Um bocadinho ansiosa, não muito', 'Um bocadinho ansiosa, não muito']"
1,43,1_sinto_disposta_dentro_tu,"['sinto', 'disposta', 'dentro', 'tu', 'super disposta', 'resto', 'tu senti', 'menos', 'sinto sinto', 'super']","['sei que às vezes as coisas não correm tão bem como nós queremos', 'Acordei super bem disposta', 'Tenho andado super bem disposta']"
2,43,2_tranquila_sinto_sinto tranquila_relaxada,"['tranquila', 'sinto', 'sinto tranquila', 'relaxada', 'tranquila sinto', 'talvez', 'bocadinho', 'tranquila confiante', 'calma', 'confiante']","['Estou tranquila', 'Estou tranquila', 'Estou mais tranquila']"
3,28,3_cirurgia_equipa_vou_fazer,"['cirurgia', 'equipa', 'vou', 'fazer', 'receio cirurgia', 'vez', 'receio', 'confiante', 'médicos', 'deixa']","['a minha técnica consta em fazer uma revisão do que tenho para fazer depois da cirurgia e organizar os meus pensamentos, organizar os meus planos, de maneira a que não foque no que realmente me preocupa no imediato que vai acontecer', 'na confiança que eu tenho, por exemplo, no caso do Dr. Carlos Mavioso, que já é terceira cirurgia com ele, e que toda a equipa que envolve todo este processo e toda a equipa que envolve normalmente este tipo de cirurgias, sinto-me mais confiante', 'É sempre uma cirurgia']"
4,23,4_fome_bocadinho_realidade_emoção,"['fome', 'bocadinho', 'realidade', 'emoção', 'emoções', 'intranquila', 'vez', 'inferno', 'inferno dante', 'intranquila sensação']","['Fome, sono, incomodada nesse sentido', 'voltei um bocadinho à realidade, porque o Zé falou em doutor Pedro, que estava à minha espera', 'eu estou preocupada por saber o que é que vai acontecer, é a primeira vez, logo é sempre um desconhecido']"
5,16,5_otimista_confiante_positiva_confiante confiante,"['otimista', 'confiante', 'positiva', 'confiante confiante', 'ficar', 'melhor', 'vai', 'otimista confiante', 'vai fazer', 'futuro']","['eu aprendi a ser otimista, a olhar mais para o futuro, de pensar de uma forma positiva sobre o futuro', 'Me senti muito bem, sinto que vai ser um momento só mesmo que me vai fazer ficar melhor e me vai fazer ultrapassar o drama que tenho vivido', 'é importante a pessoa manter-se positiva, o esforço é manter-se sempre positiva e neste nível de positividade, porque se vai abaixo, depois é muito mais difícil caminhar para cima']"
6,16,6_vídeo_completamente_ver_natureza,"['vídeo', 'completamente', 'ver', 'natureza', 'estamos', 'diferente', 'sair', 'animação', 'fez', 'nova']","['Fez-me querer sair e passear e ver coisas novas', 'durante o vídeo eu abstraí-me completamente do sítio onde estava, estava completamente envolvida no vídeo', 'A sensação de nós estarmos a viajar com o vídeo, há momentos bem bonitos, quando vamos atrás do pássaro parece que estamos mesmo lá, isso cria um sentimento muito agradável, esquecendo-nos que estamos aqui']"
7,13,7_correr_vai correr_vai_depressa,"['correr', 'vai correr', 'vai', 'depressa', 'pode depressa', 'pode', 'correr penso', 'penso vai', 'corra', 'espero']","['penso que isto vai, com a ajuda de todos, e minha também, isto vai correr bem', 'acho que vai correr tudo bem', 'acho que vai correr tudo bem']"
8,11,8_calma_bocadinho calma_ajuda_bocadinho,"['calma', 'bocadinho calma', 'ajuda', 'bocadinho', 'facto dá', 'bocadito', 'antes estivesse', 'calmas', 'óculos senti', 'calmas bocadinho']","['após tirar os óculos senti-me um bocadinho mais calma', 'Estou um bocadinho mais calma', 'estou um bocadinho mais calma']"
9,10,9_relaxada_descontraída_alparazola_tomei,"['relaxada', 'descontraída', 'alparazola', 'tomei', 'disse', 'descontraída descontraída', 'descontraída completamente', 'caí meio', 'completamente relaxada', 'menina']","['estou relaxada', 'Relaxada', 'descontraída, também tomei um bocadinho de alparazola, caí para o meio e disse, tome, menina']"
10,9,10_despachar_quero_resolver_acabe,"['despachar', 'quero', 'resolver', 'acabe', 'quero acabe', 'desfecho sei', 'desjo', 'ver desfecho', 'inquieta despachar', 'ir frente']","['sinto que tenho que fazer isto e estou inquieta para me despachar', 'mas ao mesmo tempo também aliviada porque estou a avançar com isto de despachar', 'Sinto-me bem, sinto-me meio disposta, muito pouco ansiosa e quero mesmo é despachar a situação']"
