word,condition,x,y,frequency,point_size,label_size,alpha,x_plot,y_plot
acceptable,3,0.041675407,-0.24774967,1,80.0,7.0,0.55,0.041675407,-0.3516727197941213
amusing,3,0.01958992,-0.10583326,1,80.0,7.0,0.55,0.01958992,-0.20975631065925648
anxiety,2,0.21300565,-0.025947763,1,80.0,7.0,0.55,0.21300565,0.07797528580090102
bit_bothered,1,0.15655687,-0.16122091,1,80.0,7.0,0.55,0.15655687,-0.16122090816497803
bit_worried,1,0.14847477,-0.09499679,1,80.0,7.0,0.55,0.14847477,-0.09499678760766983
bothered,3,0.17661089,-0.17008102,1,80.0,7.0,0.55,0.17661089,-0.2740040678556829
calm,1,-0.18677576,0.36630324,10,300.0,11.0,0.9,-0.18677576,0.3663032352924347
calm,2,-0.18677576,0.36630324,9,275.55555555555554,10.555555555555555,0.8611111111111112,-0.18677576,0.47022628374656733
calm,3,-0.18677576,0.36630324,4,153.33333333333331,8.333333333333334,0.6666666666666667,-0.18677576,0.2623801868383021
calmer,3,-0.16347757,0.29356033,1,80.0,7.0,0.55,-0.16347757,0.18963727764526317
calming,2,-0.19704995,0.34749722,1,80.0,7.0,0.55,-0.19704995,0.4514202732618719
comfortable,2,-0.20869312,-0.017421626,1,80.0,7.0,0.55,-0.20869312,0.08650142289957102
comfortable,3,-0.20869312,-0.017421626,1,80.0,7.0,0.55,-0.20869312,-0.12134467400869421
comforting,2,-0.22878097,0.043793652,2,104.44444444444444,7.444444444444445,0.5888888888888889,-0.22878097,0.14771670066079196
confident,1,-0.017781937,-0.10874216,2,104.44444444444444,7.444444444444445,0.5888888888888889,-0.017781937,-0.10874216258525848
confident,3,-0.017781937,-0.10874216,2,104.44444444444444,7.444444444444445,0.5888888888888889,-0.017781937,-0.21266521103939107
cool,2,0.010462329,-0.122902,1,80.0,7.0,0.55,0.010462329,-0.018978950006160178
distracted,1,0.1519142,-0.09158839,2,104.44444444444444,7.444444444444445,0.5888888888888889,0.1519142,-0.09158839285373688
distracted,2,0.1519142,-0.09158839,2,104.44444444444444,7.444444444444445,0.5888888888888889,0.1519142,0.01233465560039576
distracted,3,0.1519142,-0.09158839,1,80.0,7.0,0.55,0.1519142,-0.19551144130786946
easier,1,-0.1559939,-0.1144567,1,80.0,7.0,0.55,-0.1559939,-0.11445669829845428
effective,1,-0.061034195,-0.26437017,1,80.0,7.0,0.55,-0.061034195,-0.2643701732158661
engaged,1,-0.010277449,-0.18874754,1,80.0,7.0,0.55,-0.010277449,-0.18874754011631012
engaged,2,-0.010277449,-0.18874754,3,128.88888888888889,7.888888888888889,0.6277777777777778,-0.010277449,-0.08482449166217748
engaged,3,-0.010277445,-0.18874754,1,80.0,7.0,0.55,-0.010277445,-0.2926705885704427
excellent,3,-0.043160122,-0.2814897,1,80.0,7.0,0.55,-0.043160122,-0.3854127485330968
extremely_nervous,3,0.23112507,-0.06891514,1,80.0,7.0,0.55,0.23112507,-0.17283819206317952
fine,3,-0.03330707,-0.17059958,1,80.0,7.0,0.55,-0.03330707,-0.2745226282652288
good,1,-0.09667276,-0.3344845,2,104.44444444444444,7.444444444444445,0.5888888888888889,-0.09667276,-0.3344844877719879
good,2,-0.09667276,-0.3344845,8,251.11111111111111,10.11111111111111,0.8222222222222222,-0.09667276,-0.23056143931785528
good,3,-0.09667276,-0.3344845,1,80.0,7.0,0.55,-0.09667276,-0.4384075362261205
happy,2,-0.09430385,-0.15024492,1,80.0,7.0,0.55,-0.09430385,-0.04632187299171392
helpful,1,-0.1259438,-0.26811254,2,104.44444444444444,7.444444444444445,0.5888888888888889,-0.1259438,-0.26811254024505615
helpful,2,-0.1259438,-0.26811254,1,80.0,7.0,0.55,-0.1259438,-0.16418949179092351
interesting,2,0.057346996,-0.26043227,2,104.44444444444444,7.444444444444445,0.5888888888888889,0.057346996,-0.15650922469535772
less_anxious,3,0.16821052,0.027923184,2,104.44444444444444,7.444444444444445,0.5888888888888889,0.16821052,-0.07599986493846468
like,1,-0.06764155,-0.37434763,1,80.0,7.0,0.55,-0.06764155,-0.37434762716293335
liked,1,-0.06764155,-0.3743476,3,128.88888888888889,7.888888888888889,0.6277777777777778,-0.06764155,-0.37434759736061096
liked,2,-0.06764155,-0.37434763,2,104.44444444444444,7.444444444444445,0.5888888888888889,-0.06764155,-0.2704245787088007
monotonous,2,-0.00020623454,-0.11227521,1,80.0,7.0,0.55,-0.00020623454,-0.008352164549025931
nervous,1,0.116528265,-0.072841436,2,104.44444444444444,7.444444444444445,0.5888888888888889,0.116528265,-0.07284143567085266
nervous,2,0.116528265,-0.072841436,1,80.0,7.0,0.55,0.116528265,0.031081612783279977
nervous,3,0.116528265,-0.072841436,3,128.88888888888889,7.888888888888889,0.6277777777777778,0.116528265,-0.17676448412498524
peaceful,1,-0.16605252,0.12723044,1,80.0,7.0,0.55,-0.16605252,0.1272304356098175
peaceful,3,-0.16605252,0.12723044,2,104.44444444444444,7.444444444444445,0.5888888888888889,-0.16605252,0.023307387155684908
perfect,3,-0.07946121,-0.20137756,1,80.0,7.0,0.55,-0.07946121,-0.30530060418209126
pleasant,2,-0.15847014,-0.14973548,3,128.88888888888889,7.888888888888889,0.6277777777777778,-0.15847014,-0.045812432092818656
positive,1,-0.05695081,-0.26619458,2,104.44444444444444,7.444444444444445,0.5888888888888889,-0.05695081,-0.26619458198547363
positive,2,-0.05695081,-0.26619458,1,80.0,7.0,0.55,-0.05695081,-0.162271533531341
relax,1,-0.21191527,0.26606068,3,128.88888888888889,7.888888888888889,0.6277777777777778,-0.21191527,0.2660606801509857
relaxed,1,-0.19278109,0.12609011,1,80.0,7.0,0.55,-0.19278109,0.12609010934829712
relaxed,2,-0.19278109,0.12609011,5,177.77777777777777,8.777777777777779,0.7055555555555556,-0.19278109,0.23001315780242976
relaxed,3,-0.19278109,0.12609011,1,80.0,7.0,0.55,-0.19278109,0.022167060894164523
relaxing,1,-0.20802736,0.30383608,9,275.55555555555554,10.555555555555555,0.8611111111111112,-0.20802736,0.30383607745170593
relaxing,2,-0.20802736,0.30383608,2,104.44444444444444,7.444444444444445,0.5888888888888889,-0.20802736,0.40775912590583857
repetitive,2,0.026675565,-0.14282383,1,80.0,7.0,0.55,0.026675565,-0.038900781792792716
serene,1,-0.08043385,0.059259184,1,80.0,7.0,0.55,-0.08043385,0.05925918370485306
some_anxiety,2,0.18839048,-0.033824082,1,80.0,7.0,0.55,0.18839048,0.07009896599015292
tiresome,2,0.1515589,-0.09803926,1,80.0,7.0,0.55,0.1515589,0.005883786457386575
trust,2,-0.07191583,-0.25562862,1,80.0,7.0,0.55,-0.07191583,-0.15170556716361944
trust,3,-0.071915835,-0.25562862,1,80.0,7.0,0.55,-0.071915835,-0.35955166407188466
tune_out,2,-0.038033724,0.017634338,4,153.33333333333331,8.333333333333334,0.6666666666666667,-0.038033724,0.12155738622209128
useful,1,-0.08655885,-0.28876686,1,80.0,7.0,0.55,-0.08655885,-0.28876686096191406
useful,2,-0.086558856,-0.28876686,1,80.0,7.0,0.55,-0.086558856,-0.18484381250778142
valuable,2,-0.024158053,-0.26965594,1,80.0,7.0,0.55,-0.024158053,-0.16573289446273748
very relaxing,3,-0.23156275,0.24351838,1,80.0,7.0,0.55,-0.23156275,0.13959533385673473
very_nervous,3,0.17915495,-0.047083203,2,104.44444444444444,7.444444444444445,0.5888888888888889,0.17915495,-0.15100625120362332
zen,1,0.061845873,-0.16077274,1,80.0,7.0,0.55,0.061845873,-0.16077274084091187
