family,scope,Topic,topic_label,contribution,null_mean,null_low,null_high,p_perm,p_fdr
topic (composition),all,0,Anxious & nervous,0.009390997722910854,0.007997826093502467,0.000226203768483646,0.028298289104490806,0.3197360527894421,0.6915283609944677
topic (composition),all,1,Calm & tranquil,0.017032197763178658,0.00861227696483062,0.0002285647281055625,0.03174424735953818,0.138372325534893,0.6915283609944677
topic (composition),all,2,Optimism,0.007185816223733765,0.008160682110356612,0.00016480947528019207,0.029493985187205935,0.4149170165966807,0.6915283609944677
topic (composition),all,3,Feeling well,0.004999518252028712,0.01261501696595907,0.000389216441493645,0.044027171744738525,0.7036592681463707,0.8631607011930947
topic (composition),all,4,Expecting it to go well,0.009496081841737447,0.010103065951841753,0.000250191535669797,0.03791651558924108,0.39232153569286143,0.6915283609944677
topic (composition),all,5,Physical discomfort,0.009613387038070909,0.021975028259074905,0.002122130133836053,0.05629949007086349,0.7768446310737852,0.8631607011930947
topic (composition),all,6,Wanting it over,0.03560874095933786,0.012608381425076,0.00028385071394709804,0.04022506530241621,0.04979004199160168,0.49790041991601686
topic (composition),all,7,Calm but a bit anxious,0.007313785827777558,0.02107406195657141,0.0003480658800167833,0.05942628012159715,0.7118576284743051,0.8631607011930947
topic (composition),all,8,Relaxed,0.02200067756591864,0.014805683348249664,0.0007869408585222393,0.039421842555865304,0.2481503699260148,0.6915283609944677
topic (composition),all,9,Trusting the team,0.0015093305578481042,0.010171000415407794,0.000505256557256667,0.030335346617897156,0.8710257948410318,0.8710257948410318
source topic (transitions),within_response,0,Anxious & nervous,0.15723259343298612,0.18308594359511324,0.10074938161310729,0.28783978007681454,0.6948610277944411,0.8013952765002554
source topic (transitions),within_response,1,Calm & tranquil,0.11986227893661702,0.13916981527115477,0.07207687939452548,0.20378089294986293,0.7212557488502299,0.8013952765002554
source topic (transitions),within_response,2,Optimism,0.17285522100156966,0.13698289992893953,0.07078026346261744,0.1836393281753335,0.09458108378324336,0.8013952765002554
source topic (transitions),within_response,3,Feeling well,0.02857142857142857,0.04722240920586673,0.0,0.08571428571428572,0.8410317936412718,0.8410317936412717
source topic (transitions),within_response,4,Expecting it to go well,0.05714285714285714,0.06647512670580492,0.0,0.08571428571428572,0.6978604279144172,0.8013952765002554
source topic (transitions),within_response,5,Physical discomfort,0.08571428571428572,0.06576168306268816,0.0,0.08571428571428572,0.46290741851629674,0.8013952765002554
source topic (transitions),within_response,6,Wanting it over,0.02857142857142857,0.01941714285714286,0.0,0.02857142857142857,0.6796640671865627,0.8013952765002554
source topic (transitions),within_response,7,Calm but a bit anxious,0.04635874996909331,0.031505406478995815,0.0,0.04635874996909331,0.6796640671865627,0.8013952765002554
source topic (transitions),within_response,8,Relaxed,0.03935553574519241,0.026533502199408723,0.0,0.03935553574519241,0.6742651469706059,0.8013952765002554
source topic (transitions),within_response,9,Trusting the team,0.06792696431662097,0.04214774156348704,0.0,0.06792696431662097,0.2375524895020996,0.8013952765002554
