scope,condition,target_topic,target_label,target_pagerank,source_topic,source_label,n_transitions_to_target,source_pagerank,contribution,share_of_target_pagerank,ci_low,ci_high,null_mean,p_perm_one_sided,p_fdr
within_response,VR Art,0,Calm and relaxation,0.16789898027807312,0,Calm and relaxation,0.0,0.16789898027807312,0.0,0.0,0.0,0.0,0.0,,
within_response,VR Art,0,Calm and relaxation,0.16789898027807312,1,Compassionate and professional care,1.0,0.08851668514749143,0.018809795593841928,0.11203043379232724,0.0,0.04170671648886819,0.012169885096347996,0.2611477704459108,0.46540691861627675
within_response,VR Art,0,Calm and relaxation,0.16789898027807312,2,Subjective emotional and experiential effects,2.0,0.10154142564678197,0.043155105899882334,0.25703018462893074,0.0,0.11869207886190053,0.028000640545425996,0.15996800639872025,0.46540691861627675
within_response,VR Art,0,Calm and relaxation,0.16789898027807312,3,Surgical concerns and coping,0.0,0.07339048576132726,0.0,0.0,0.0,0.003909366732250143,0.011652961920917573,,
within_response,VR Art,0,Calm and relaxation,0.16789898027807312,4,Movement and sense of place,2.0,0.15286402350334485,0.04331147332594771,0.2579615031265559,0.0,0.08676046789086896,0.037399443824416054,0.357128574285143,0.46540691861627675
within_response,VR Art,0,Calm and relaxation,0.16789898027807312,5,Nature imagery and sensory responses,0.0,0.1269978537541613,0.0,0.0,0.0,0.0,0.05004477130858062,,
within_response,VR Art,0,Calm and relaxation,0.16789898027807312,6,Waiting experience,1.0,0.11946172741297913,0.014506066900147463,0.0863975878598108,0.0,0.04665921675298884,0.026302874323597767,0.7924415116976604,0.7924415116976604
within_response,VR Art,0,Calm and relaxation,0.16789898027807312,7,Positive appraisal and optimism,0.0,0.05796455939271445,0.0,0.0,0.0,0.001978374909361541,0.005965817352827635,,
within_response,VR Art,0,Calm and relaxation,0.16789898027807312,8,No perceived change and brief appraisals,1.0,0.05266957460914908,0.014923046139258905,0.08888110049592594,0.0,0.06737913120781429,0.0039488121479957375,0.118376324735053,0.46540691861627675
within_response,VR Art,0,Calm and relaxation,0.16789898027807312,9,Anxiety and nervousness,1.0,0.014590546118239471,0.012401964200503551,0.07386563146460749,0.0010315533980582525,0.017376859072606637,0.008511472975685802,0.3259348130373925,0.46540691861627675
within_response,VR Art,0,Calm and relaxation,0.16789898027807312,10,Feeling well and stable,1.0,0.014590546118239471,0.0062009821002517755,0.036932815732303746,0.0,0.01875345069020663,0.009555237347140087,0.39892021595680865,0.46540691861627675
within_response,VR Art,0,Calm and relaxation,0.16789898027807312,11,Feeling welcomed,0.0,0.029513592257498375,0.002090546118239468,0.01245121390717871,0.0009529147982062781,0.0044235660175347994,0.0010341970478808307,,
within_response,VR Art,0,Calm and relaxation,0.16789898027807312,-99,Baseline (teleport + dangling),,,0.014590546118239456,0.08690074289953813,,,,,
within_response,VR Only,2,Subjective emotional and experiential effects,0.16116282963146122,0,Calm and relaxation,1.0,0.09698125929253101,0.011776295771235908,0.07307079304927401,0.0,0.04145017203713669,0.017323988212358022,0.6516696660667867,0.6516696660667867
within_response,VR Only,2,Subjective emotional and experiential effects,0.16116282963146122,1,Compassionate and professional care,2.0,0.07343254809563471,0.0208058886270965,0.12909855625316535,0.0,0.06911328052469709,0.01876836174863931,0.3827234553089382,0.47840431913617276
within_response,VR Only,2,Subjective emotional and experiential effects,0.16116282963146122,2,Subjective emotional and experiential effects,0.0,0.16116282963146122,0.0,0.0,0.0,0.0037497376591484523,0.0,,
within_response,VR Only,2,Subjective emotional and experiential effects,0.16116282963146122,3,Surgical concerns and coping,1.0,0.09126844148090368,0.02585939175292271,0.1604550615799972,0.0,0.06008853906906072,0.006853606350139563,0.09118176364727054,0.22195560887822433
within_response,VR Only,2,Subjective emotional and experiential effects,0.16116282963146122,4,Movement and sense of place,0.0,0.06020207567265155,0.0,0.0,0.0,0.002360731921219953,0.006592844866880055,,
within_response,VR Only,2,Subjective emotional and experiential effects,0.16116282963146122,5,Nature imagery and sensory responses,2.0,0.1268341551447182,0.0431236127492042,0.267577907683906,0.0,0.09926105032057438,0.025898734666302776,0.1331733653269346,0.22195560887822433
within_response,VR Only,2,Subjective emotional and experiential effects,0.16116282963146122,6,Waiting experience,0.0,0.04072959104626405,0.0,0.0,0.0,0.005365048130401109,0.0034098676057051436,,
within_response,VR Only,2,Subjective emotional and experiential effects,0.16116282963146122,7,Positive appraisal and optimism,0.0,0.03732294897017129,0.0026437088853871332,0.016403961704027095,0.0009529147982062781,0.006124912108809961,0.000915715631523052,,
within_response,VR Only,2,Subjective emotional and experiential effects,0.16116282963146122,8,No perceived change and brief appraisals,2.0,0.1568962300433464,0.04445393184561481,0.2758324109056024,0.0,0.08943420286457532,0.017933927676289523,0.07858428314337132,0.22195560887822433
within_response,VR Only,2,Subjective emotional and experiential effects,0.16116282963146122,9,Anxiety and nervousness,0.0,0.07608461246613422,0.0,0.0,0.0,0.0012302579353738836,0.013721640648531945,,
within_response,VR Only,2,Subjective emotional and experiential effects,0.16116282963146122,10,Feeling well and stable,0.0,0.03737067480819454,0.0,0.0,0.0,0.002360731921219953,0.005650785057231949,,
within_response,VR Only,2,Subjective emotional and experiential effects,0.16116282963146122,11,Feeling welcomed,0.0,0.04171463334798891,0.0,0.0,0.0,0.003450274791332003,0.0003809189758611117,,
within_response,VR Only,2,Subjective emotional and experiential effects,0.16116282963146122,-99,Baseline (teleport + dangling),,,0.015143708885387103,0.09396527052805506,,,,,
within_response,Control,3,Surgical concerns and coping,0.16718734030625207,0,Calm and relaxation,1.0,0.12543113414473842,0.017769410670504606,0.10628442702632138,0.0,0.05378544358575281,0.008473455681533423,0.15676864627074585,0.33553289342131576
within_response,Control,3,Surgical concerns and coping,0.16718734030625207,1,Compassionate and professional care,2.0,0.12543010686562409,0.026653897708945117,0.15942533483767837,0.0,0.06421303553643871,0.02006616816536346,0.29214157168566285,0.3895220955808838
within_response,Control,3,Surgical concerns and coping,0.16718734030625207,2,Subjective emotional and experiential effects,2.0,0.11707119930456471,0.028431576973965714,0.17005819293425592,0.0,0.05574869851779434,0.014631505787309849,0.11797640471905618,0.33553289342131576
within_response,Control,3,Surgical concerns and coping,0.16718734030625207,3,Surgical concerns and coping,0.0,0.16718734030625207,0.0,0.0,0.0,0.0,0.0,,
within_response,Control,3,Surgical concerns and coping,0.16718734030625207,4,Movement and sense of place,1.0,0.10974363732205013,0.031094030574580867,0.18598316426126008,0.0,0.08274901920958506,0.018644762946978435,0.16776644671065788,0.33553289342131576
within_response,Control,3,Surgical concerns and coping,0.16718734030625207,5,Nature imagery and sensory responses,0.0,0.033798925143313244,0.002394090530984688,0.01431980750814755,0.0010315533980582525,0.005256825994724102,3.4957017151506355e-05,,
within_response,Control,3,Surgical concerns and coping,0.16718734030625207,6,Waiting experience,0.0,0.08991662824340077,0.0,0.0,0.0,0.004013163339673212,0.0,,
within_response,Control,3,Surgical concerns and coping,0.16718734030625207,7,Positive appraisal and optimism,1.0,0.10135889838811248,0.014359177271649266,0.08588674983013829,0.0,0.04867241590427914,0.008106329177154018,0.27174565086982605,0.3895220955808838
within_response,Control,3,Surgical concerns and coping,0.16718734030625207,8,No perceived change and brief appraisals,1.0,0.05500021448423914,0.011687545577900816,0.06990688144504056,0.0,0.03792646280015939,0.023179074849350133,0.8420315936812638,0.8420315936812638
within_response,Control,3,Surgical concerns and coping,0.16718734030625207,9,Anxiety and nervousness,1.0,0.02771706005070945,0.007853167014367677,0.046972258784560635,0.0,0.03244738681257649,0.014052059384018989,0.619876024795041,0.708429742622904
within_response,Control,3,Surgical concerns and coping,0.16718734030625207,10,Feeling well and stable,1.0,0.03131534127418677,0.013309020041529375,0.07960542955674782,0.0,0.029012541249677726,0.0039011991074428274,0.15596880623875226,0.33553289342131576
within_response,Control,3,Surgical concerns and coping,0.16718734030625207,11,Feeling welcomed,0.0,0.01602951447280863,0.0011354239418239446,0.006791327260449784,0.0010315533980582525,0.0017599640917309832,0.0009644800855614997,,
within_response,Control,3,Surgical concerns and coping,0.16718734030625207,-99,Baseline (teleport + dangling),,,0.016029514472808648,0.09587756132399707,,,,,
across_questions,VR Art,0,Calm and relaxation,0.17389377623468874,0,Calm and relaxation,0.0,0.17389377623468874,0.0,0.0,0.0,0.0,0.0,,
across_questions,VR Art,0,Calm and relaxation,0.17389377623468874,1,Compassionate and professional care,1.0,0.10894751994681964,0.023151347988699174,0.133135000515797,0.0,0.046976860585725824,0.024355176525356046,0.5202959408118376,0.6851629674065186
across_questions,VR Art,0,Calm and relaxation,0.17389377623468874,2,Subjective emotional and experiential effects,3.0,0.08287571259670667,0.030190438160228858,0.17361425356295412,0.0,0.061955445707588215,0.028526591366574046,0.4327134573085383,0.6851629674065186
across_questions,VR Art,0,Calm and relaxation,0.17389377623468874,3,Surgical concerns and coping,0.0,0.08321326953221699,0.0,0.0,0.0,0.0016067167016116251,0.009500275319705972,,
across_questions,VR Art,0,Calm and relaxation,0.17389377623468874,4,Movement and sense of place,3.0,0.11850181036582905,0.04316851663326629,0.24824647303653719,0.0,0.08249768464487402,0.034003751380723,0.2543491301739652,0.5934813037392521
across_questions,VR Art,0,Calm and relaxation,0.17389377623468874,5,Nature imagery and sensory responses,0.0,0.09354323049976378,0.0,0.0,0.0,0.0,0.04047060370895619,,
across_questions,VR Art,0,Calm and relaxation,0.17389377623468874,6,Waiting experience,1.0,0.11880529175538257,0.012623062249009397,0.07259065000677879,0.0,0.03293082310599794,0.017518250426563704,0.5872825434913017,0.6851629674065186
across_questions,VR Art,0,Calm and relaxation,0.17389377623468874,7,Positive appraisal and optimism,0.0,0.07471893310043597,0.0,0.0,0.0,0.004990703614732572,0.018553487307512048,,
across_questions,VR Art,0,Calm and relaxation,0.17389377623468874,8,No perceived change and brief appraisals,2.0,0.07410402563178357,0.025195368714806418,0.14488942192389048,0.0,0.0674851299495379,0.016252315659879387,0.2001599680063987,0.5934813037392521
across_questions,VR Art,0,Calm and relaxation,0.17389377623468874,9,Anxiety and nervousness,1.0,0.022192734796489616,0.018863824577016172,0.10847900934394207,0.0010315533980582525,0.0338602934065072,0.006247339139910322,0.21735652869426114,0.5934813037392521
across_questions,VR Art,0,Calm and relaxation,0.17389377623468874,10,Feeling well and stable,1.0,0.022192734796489613,0.006287941525672056,0.03615966978131402,0.0,0.016375228480580244,0.01298456281980437,0.715256948610278,0.7152569486102779
across_questions,VR Art,0,Calm and relaxation,0.17389377623468874,11,Feeling welcomed,0.0,0.027010960743393594,0.0019132763859903796,0.011002558156010155,0.0009529147982062781,0.004654778318246899,0.01075772765219475,,
across_questions,VR Art,0,Calm and relaxation,0.17389377623468874,-99,Baseline (teleport + dangling),,,0.014413276385990381,0.08288552182878633,,,,,
across_questions,VR Only,1,Compassionate and professional care,0.16482157637686484,0,Calm and relaxation,2.0,0.07171537242766526,0.00812774220846873,0.049312367877641414,0.0,0.023816529396094206,0.019671197503741213,0.8686262747450509,0.8686262747450509
across_questions,VR Only,1,Compassionate and professional care,0.16482157637686484,1,Compassionate and professional care,0.0,0.16482157637686484,0.0,0.0,0.0,0.0,0.0,,
across_questions,VR Only,1,Compassionate and professional care,0.16482157637686484,2,Subjective emotional and experiential effects,3.0,0.13400808968368158,0.03796895874370978,0.2303640068148219,0.0,0.07806325993180861,0.02165629245802802,0.06898620275944811,0.09198160367926415
across_questions,VR Only,1,Compassionate and professional care,0.16482157637686484,3,Surgical concerns and coping,0.0,0.0758065856861668,0.0,0.0,0.0,0.005279116532829768,7.230229382822258e-07,,
across_questions,VR Only,1,Compassionate and professional care,0.16482157637686484,4,Movement and sense of place,0.0,0.0553237181677011,0.0,0.0,0.0,0.003603648090295362,1.1405630603539344e-05,,
across_questions,VR Only,1,Compassionate and professional care,0.16482157637686484,5,Nature imagery and sensory responses,0.0,0.07887260443824645,0.0,0.0,0.0,0.0,0.006618967204076077,,
across_questions,VR Only,1,Compassionate and professional care,0.16482157637686484,6,Waiting experience,1.0,0.04311919170762812,0.01832565647574195,0.11118481498951509,0.0,0.048037811775352234,0.005941456255703141,0.018196360727854428,0.036392721455708855
across_questions,VR Only,1,Compassionate and professional care,0.16482157637686484,7,Positive appraisal and optimism,0.0,0.04295633480641099,0.0030427403821207785,0.01846081349909885,0.0009529147982062781,0.008229886521127591,0.0038115997544161816,,
across_questions,VR Only,1,Compassionate and professional care,0.16482157637686484,8,No perceived change and brief appraisals,0.0,0.13356970420430064,0.0,0.0,0.0,0.0,0.007279237556628067,,
across_questions,VR Only,1,Compassionate and professional care,0.16482157637686484,9,Anxiety and nervousness,0.0,0.06414988139222733,0.0,0.0,0.0,0.0023435888662001057,0.0017657490022830419,,
across_questions,VR Only,1,Compassionate and professional care,0.16482157637686484,10,Feeling well and stable,0.0,0.035825789854020226,0.0,0.0,0.0,0.0,0.0027207397937249462,,
across_questions,VR Only,1,Compassionate and professional care,0.16482157637686484,11,Feeling welcomed,2.0,0.0998311512550866,0.0848564785668236,0.5148384115244663,0.004582335368927439,0.1819274712704089,0.0076674998863886625,0.0001999600079984003,0.0007998400319936012
across_questions,VR Only,1,Compassionate and professional care,0.16482157637686484,-99,Baseline (teleport + dangling),,,0.015542740382120779,0.09430039879355524,,,,,
across_questions,Control,0,Calm and relaxation,0.14279673748589108,0,Calm and relaxation,0.0,0.14279673748589108,0.0,0.0,0.0,0.0,0.0,,
across_questions,Control,0,Calm and relaxation,0.14279673748589108,1,Compassionate and professional care,2.0,0.139622549658821,0.029669791802499464,0.20777639829082903,0.0,0.06963099083993272,0.04481128455764486,0.8488302339532093,0.8488302339532093
across_questions,Control,0,Calm and relaxation,0.14279673748589108,2,Subjective emotional and experiential effects,1.0,0.1330095324204485,0.01256201139526458,0.08797127733051856,0.0,0.037931820470504064,0.018888203471515003,0.643871225754849,0.7726454709058188
across_questions,Control,0,Calm and relaxation,0.14279673748589108,3,Surgical concerns and coping,3.0,0.13436864376997262,0.04283000520167877,0.2999368609938343,0.0,0.08808946048413727,0.012880368914897054,0.0061987602479504095,0.03719256148770246
across_questions,Control,0,Calm and relaxation,0.14279673748589108,4,Movement and sense of place,0.0,0.07731408294696665,0.0,0.0,0.0,0.0,0.01522002660116392,,
across_questions,Control,0,Calm and relaxation,0.14279673748589108,5,Nature imagery and sensory responses,1.0,0.023733878963619205,0.020173797119076325,0.1412763167720802,0.0010315533980582525,0.03881698252470781,0.006503705133893894,0.0683863227354529,0.2051589682063587
across_questions,Control,0,Calm and relaxation,0.14279673748589108,6,Waiting experience,0.0,0.09349725727993424,0.0,0.0,0.0,0.004161230278880737,0.016647951992997942,,
across_questions,Control,0,Calm and relaxation,0.14279673748589108,7,Positive appraisal and optimism,0.0,0.10265175353970071,0.0,0.0,0.0,0.0,0.01124155838551922,,
across_questions,Control,0,Calm and relaxation,0.14279673748589108,8,No perceived change and brief appraisals,0.0,0.0583786732839657,0.0,0.0,0.0,0.002444842586233215,0.0019932181890105747,,
across_questions,Control,0,Calm and relaxation,0.14279673748589108,9,Anxiety and nervousness,2.0,0.027469545117675662,0.009339645340009726,0.06540517314642795,0.0,0.024145255558637668,0.011708339999550222,0.595880823835233,0.7726454709058188
across_questions,Control,0,Calm and relaxation,0.14279673748589108,10,Feeling well and stable,1.0,0.03095861078242178,0.013157409582529256,0.09214082768403069,0.0,0.06322680493895502,0.010425140611609155,0.3863227354529094,0.7726454709058187
across_questions,Control,0,Calm and relaxation,0.14279673748589108,11,Feeling welcomed,0.0,0.036198734750582856,0.002564077044832952,0.017956131841501587,0.0009529147982062781,0.005412456463771188,0.006717302193943658,,
across_questions,Control,0,Calm and relaxation,0.14279673748589108,-99,Baseline (teleport + dangling),,,0.01506407704483298,0.10549314578227934,,,,,
