PC,end,condition,share_of_end,share_of_all
4,high,VR Art,0.5555555555555556,0.35185185185185186
4,high,VR Only,0.2839506172839506,0.30864197530864196
4,high,Control,0.16049382716049382,0.3395061728395062
4,low,VR Art,0.25925925925925924,0.35185185185185186
4,low,VR Only,0.2716049382716049,0.30864197530864196
4,low,Control,0.4691358024691358,0.3395061728395062
6,high,VR Art,0.37037037037037035,0.35185185185185186
6,high,VR Only,0.38271604938271603,0.30864197530864196
6,high,Control,0.24691358024691357,0.3395061728395062
6,low,VR Art,0.24691358024691357,0.35185185185185186
6,low,VR Only,0.3950617283950617,0.30864197530864196
6,low,Control,0.35802469135802467,0.3395061728395062
