response_id,participant_id,condition_number,condition_label,response,has_response,has_condition,included_in_model,exclusion_reason
1,1,3,Control,Não tenho razão de queixa. foi tudo bom.,True,True,True,
2,2,2,VR Only,"Com muita atenção, muita disponibilidade, com algum carinho ou muito carinho, muita preocupação. Não, acho que aqui são cinco estrelas.",True,True,True,
3,3,1,VR Art,"Não, cinco estrelas. Não tenho nada a dizer, não. Acolhida, acolhida, acarinhada. 100%.",True,True,True,
4,4,3,Control,"A atenciosidade de todas as pessoas. As pessoas apresentarem-se pelo nome. Acho que dá um caráter mais pessoal, mais personalizado. Serem todos muito cuidadosos. Acho que foi assim o que eu mais valorizei. A componente humana das pessoas.",True,True,True,
5,5,2,VR Only,"Sim, todo o acolhimento é um acolhimento de excelência. O cuidado no detalhe, a preocupação com que sempre nos tratam, o rigor no trato das pessoas é muito importante e faz-nos sentir muito bem. Faz-nos sentir muito bem acolhidos.",True,True,True,
6,6,3,Control,,False,True,False,blank response
7,7,2,VR Only,"Acho que assim, eu fui... Todo mundo sempre muito simpático, sempre muito perguntando. Não teve uma coisa muito... Não me senti... Não tenho outra palavra para usar. Não me senti no açougue. É isso. Acontece muito em muitos hospitais simplesmente verem como um corpo, uma máquina que está ali para ser consertada. Então as pessoas olharam, perguntaram como eu estava me sentindo. Teve a preocupação quando eu falei que eu estava com espada e tal. Então teve toda uma...",True,True,True,
8,8,1,VR Art,,False,True,False,blank response
9,9,3,Control,,False,True,False,blank response
10,10,2,VR Only,,False,True,False,blank response
11,11,,Condition unmatched,,False,False,False,blank response
12,12,1,VR Art,"Hoje não tive nada de especial, foi fazer o exame, a serigrafia, ou não sei quanto, é difícil dizer. E depois passei o tempo todo à espera. Estava dedicada para as 13. Não tem nada assim a... Foi normal o exame de manhã. Sempre com muito cuidado para picar. Mas, quer dizer, houve aí dias que eu tive 4, 5, 6 exames de fazer. E realmente aí há muito mais coisas a realçar de positivo. Hoje não. Hoje tive aquilo de manhã e depois fiquei à espera.",True,True,True,
13,13,3,Control,Muito bom. Sempre acho que toda a pessoa que trabalha nesta instituição tem sempre uma delicadeza e um cuidado para tratar com os pacientes. E isso faz esta tranquilidade também.,True,True,True,
14,14,1,VR Art,"tudo excelente.Foram todos muito atenciosos, totalmente excelentes.",True,True,True,
15,15,2,VR Only,"Todos me trataram bem, todos responderam às perguntas que eu tinha para fazer. Acho que não houve nenhuma falha.",True,True,True,
16,16,3,Control,são todos fantásticos,True,True,True,
17,17,1,VR Art,"Olha, o acolhimento é excelente, mas esta experiência, no meu entender, é uma mais-valia. Foi fantástico, foi mesmo fantástico.",True,True,True,
18,18,2,VR Only,A única coisa que eu tenho a dizer é que estou bem acolhida.,True,True,True,
19,19,2,VR Only,"a relação humana, a empatia e a constante presença. Nada, são fora de sério.",True,True,True,
20,20,3,Control,"Eu penso que todo mundo aqui é muito simpático e agradável e faz a experiência agradável, tranquila. Desde a primeira, porque está a terceira operação. A primeira operação, que era mais grande, eu estava nas nuvens da felicidade, que me iam operar.",True,True,True,
21,21,1,VR Art,Que é normal.,True,True,True,
22,22,3,Control,"Correu tudo bem.Tudo bem, não tem nada a dizer. Bem tratada. As pessoas tratam muito bem os doentes, os pacientes. Mas tem de ser simplesmente bem tratado.",True,True,True,
23,23,2,VR Only,,False,True,False,blank response
24,24,1,VR Art,Acho que devem continuar.,True,True,True,
25,25,2,VR Only,"Sim, este acolhimento caloroso, isso é muito positivo. Portanto, esta forma atenciosa com que pedem autorização para colocar os procedimentos, ou avisar que vai ser desagradável, ou pedir desculpa, tudo isso é muito humanizante.",True,True,True,
26,26,3,Control,Pensava que ia ser mais rápido só.,True,True,True,
27,27,1,VR Art,"Não, tudo bom. Quero referenciar, de facto, a qualidade dos serviços que me têm sido prestados. A atenção, cuidado a explicar todas as situações, mesmo... quando perguntamos alguma coisa, a preocupação em esclarecer tudo com simpatia, com amabilidade, que é uma das coisas mais importantes destes momentos.",True,True,True,
28,28,2,VR Only,Bem tratada,True,True,True,
29,29,3,Control,"Não, sempre fui bem acolhida aqui.",True,True,True,
30,30,1,VR Art,,False,True,False,blank response
31,31,1,VR Art,Tem sido maravilhoso para mim.,True,True,True,
32,32,2,VR Only,Estou aqui para colaborar e para fazer o melhor possível. E é só isso.,True,True,True,
33,33,,Condition unmatched,Às vezes faz-me confusão certas conversas de corredor que ouço e que acho que nem é suposto ouvir.,True,False,False,condition not matched
34,34,3,Control,"Foi importante, depois a outra enfermeira, quando colocou, com assertividade, porque a assertividade traz tranquilidade. Ela foi muito assertiva, não vacilou. Isso traz-nos tranquilidade. Também me trouxe tranquilidade ver o doutor David como vai operar. Uma amiga, que temos uma amiga comum, que é anestesista, também foi cá cumprimentar. São coisas que são amistosas e boas.",True,True,True,
35,35,1,VR Art,"Não, nada. Espetacular.",True,True,True,
36,36,3,Control,Toda a gente me acolheu.,True,True,True,
37,37,2,VR Only,"Estou a sentir-me acolhida. Estou bem, não tenho assim nada a dizer.",True,True,True,
38,38,1,VR Art,Não,True,True,True,
39,39,3,Control,Não. Tudo ótimo.,True,True,True,
40,40,2,VR Only,"Não, em princípio, não",True,True,True,
41,41,1,VR Art,Acho que fui tratada igual.,True,True,True,
42,42,3,Control,"Sempr 10, sempre 10",True,True,True,
43,43,2,VR Only,"Pois, o início, houve aquela tribulação nos timings que eu não tinha compreendido bem e que me provocou aqui uns picos e uns aumentos de ansiedade e de nervosismo. O facto de depois chegar cá e ser acolhida e de estar já em tratamento pré-operatório, sinto muito, muito bem acolhida. Muito bem.",True,True,True,
44,44,1,VR Art,"Eu acho que não tenho nada a dizer. Normalmente é uma coisa boa. Correu tudo bem. Acho que foi tudo bem. As pessoas com quem encontrei, acho que foram todas muito atenciosas. Acho que sem parecer aquela coisa falsa ou exagerada, porque às vezes... Não, acho que foi tudo muito cordial e acho que foi tudo muito profissional e... E educado e simpático e não tenho nada, aliás, não tenho nada, só o seja, não tenho nada de mal, mas tenho tudo bem a dizer. Só se alentar, porque acho que sinto-me segura de estar aqui. Às vezes parece que das experiências que eu tive, não só da minha parte, mas do acompanhamento que fiz a outros doentes, nomeadamente os meus pais, Às vezes nós não sabermos se as pessoas estão a ser, no mínimo, profissionais, deixam-nos muito mais incertos. Não é de saber, pronto, será que alguém está a olhar? Será que alguém está a ver? Será que tem esse aspecto? Acho que é bom, é bom estar aqui. E estar noutros sítios, em grande circunstância, estou satisfeita com a minha escolha. Estou segura também. Que não estaria melhor em outro sítio.",True,True,True,
45,45,3,Control,"Não, está tudo bem, não tenho nada a dizer.",True,True,True,
46,46,2,VR Only,"Não, tudo impecável como sempre, já é a sexta vez, portanto...",True,True,True,
47,47,1,VR Art,Sempre isto aqui é outro sítio.,True,True,True,
48,48,3,Control,,False,True,False,blank response
49,49,2,VR Only,O tempo de espera. Isso não se pode dizer. Eu fiz um exame às nove e meia e a cirurgia era para ser às três e meia.,True,True,True,
50,50,1,VR Art,,False,True,False,blank response
51,51,3,Control,Não,True,True,True,
52,52,2,VR Only,Fui bem acolhida.,True,True,True,
53,53,1,VR Art,Não,True,True,True,
54,54,2,VR Only,Está tudo perfeito.,True,True,True,
55,55,3,Control,,False,True,False,blank response
56,56,1,VR Art,"Não, está tudo muito bem, tudo muito bom.",True,True,True,
57,57,2,VR Only,"Não, estou sempre bem cuidada desde que cheguei.",True,True,True,
58,58,3,Control,"Não, tudo bem.",True,True,True,
59,59,1,VR Art,"Não, estou contente. Não tenho nada a reclamar.",True,True,True,
60,60,3,Control,Acho que é toda a gente muito amável e sensível ao meu estar.,True,True,True,
