"participant","condition","mean_projection"
"1","Control",-0.284530385
"4","Control",0.1793824145
"9","Control",-0.021494818
"13","Control",0.29577246
"26","Control",0.12048745125
"29","Control",0.24079122
"36","Control",0.2307222
"39","Control",0.205477889
"45","Control",0.0705619756666667
"51","Control",0.0499152213333333
"58","Control",-0.008808052
"60","Control",0.306454635
"3","VR Art",0.4126229
"14","VR Art",0.12845453
"17","VR Art",0.13218048
"21","VR Art",0.0925163176666667
"27","VR Art",0.28329223
"31","VR Art",0.17863402
"44","VR Art",0.0633720575
"47","VR Art",0.150445700675
"53","VR Art",0.350717265
"56","VR Art",0.25395718
"59","VR Art",0.28422339
"2","VR Only",0.24310346
"7","VR Only",-0.0390603686666667
"15","VR Only",0.2091796
"18","VR Only",0.243196776666667
"19","VR Only",0.0705010806
"25","VR Only",0.323376
"28","VR Only",-0.18281311
"32","VR Only",-0.220008085
"37","VR Only",0.0529414886666667
"40","VR Only",0.30204505
"43","VR Only",0.38673868
"46","VR Only",0.182764913783333
"49","VR Only",0.00036845135
"54","VR Only",0.28701876
"57","VR Only",0.17050661
