graph,scope,condition,source,target,source_label,target_label,count,probability
flow,within_response,VR Art,0,1,Anxiety & fear,Feeling calmer,1.0,0.5
flow,within_response,VR Art,0,9,Anxiety & fear,Emotion & unease,1.0,0.5
flow,within_response,VR Art,1,0,Feeling calmer,Anxiety & fear,2.0,0.2857142857142857
flow,within_response,VR Art,1,2,Feeling calmer,Surgery & coping,1.0,0.14285714285714285
flow,within_response,VR Art,1,3,Feeling calmer,Video & nature,1.0,0.14285714285714285
flow,within_response,VR Art,1,6,Feeling calmer,Confident & calm,2.0,0.2857142857142857
flow,within_response,VR Art,1,7,Feeling calmer,Comfort & peace,1.0,0.14285714285714285
flow,within_response,VR Art,3,1,Video & nature,Feeling calmer,1.0,0.5
flow,within_response,VR Art,3,2,Video & nature,Surgery & coping,1.0,0.5
flow,within_response,VR Art,4,1,Feeling well,Feeling calmer,1.0,1.0
flow,within_response,VR Art,6,1,Confident & calm,Feeling calmer,1.0,0.5
flow,within_response,VR Art,6,3,Confident & calm,Video & nature,1.0,0.5
flow,within_response,VR Art,7,3,Comfort & peace,Video & nature,1.0,1.0
flow,within_response,VR Art,8,4,Fine / as usual,Feeling well,1.0,1.0
semantic,centroids,VR Art,0,3,Anxiety & fear,Video & nature,,0.6704865798784146
semantic,centroids,VR Art,0,9,Anxiety & fear,Emotion & unease,,0.6102393151220139
semantic,centroids,VR Art,0,6,Anxiety & fear,Confident & calm,,0.6182557215456153
semantic,centroids,VR Art,1,6,Feeling calmer,Confident & calm,,0.8874411045113891
semantic,centroids,VR Art,1,2,Feeling calmer,Surgery & coping,,0.5962824746675889
semantic,centroids,VR Art,1,5,Feeling calmer,Relaxed,,0.7647163349957214
semantic,centroids,VR Art,1,8,Feeling calmer,Fine / as usual,,0.7117416247114414
semantic,centroids,VR Art,1,4,Feeling calmer,Feeling well,,0.7632946215954896
semantic,centroids,VR Art,1,7,Feeling calmer,Comfort & peace,,0.8066172015171391
semantic,centroids,VR Art,2,5,Surgery & coping,Relaxed,,0.6043930356845392
semantic,centroids,VR Art,2,3,Surgery & coping,Video & nature,,0.6785965138328187
semantic,centroids,VR Art,3,4,Video & nature,Feeling well,,0.7165474891001061
semantic,centroids,VR Art,3,7,Video & nature,Comfort & peace,,0.6996050272322477
semantic,centroids,VR Art,3,9,Video & nature,Emotion & unease,,0.6423427127518501
semantic,centroids,VR Art,3,5,Video & nature,Relaxed,,0.7584096313391356
semantic,centroids,VR Art,4,6,Feeling well,Confident & calm,,0.7708345509905793
semantic,centroids,VR Art,4,8,Feeling well,Fine / as usual,,0.7909887672729534
semantic,centroids,VR Art,5,7,Relaxed,Comfort & peace,,0.7823891125542041
semantic,centroids,VR Art,5,6,Relaxed,Confident & calm,,0.7388736678501419
semantic,centroids,VR Art,6,8,Confident & calm,Fine / as usual,,0.7157717529962021
semantic,centroids,VR Art,6,7,Confident & calm,Comfort & peace,,0.7349843347706947
semantic,centroids,VR Art,7,9,Comfort & peace,Emotion & unease,,0.6272268213557266
flow,within_response,VR Only,0,3,Anxiety & fear,Video & nature,1.0,0.3333333333333333
flow,within_response,VR Only,0,6,Anxiety & fear,Confident & calm,1.0,0.3333333333333333
flow,within_response,VR Only,0,8,Anxiety & fear,Fine / as usual,1.0,0.3333333333333333
flow,within_response,VR Only,1,2,Feeling calmer,Surgery & coping,1.0,0.5
flow,within_response,VR Only,1,3,Feeling calmer,Video & nature,1.0,0.5
flow,within_response,VR Only,3,5,Video & nature,Relaxed,1.0,0.5
flow,within_response,VR Only,3,9,Video & nature,Emotion & unease,1.0,0.5
flow,within_response,VR Only,4,0,Feeling well,Anxiety & fear,1.0,0.5
flow,within_response,VR Only,4,5,Feeling well,Relaxed,1.0,0.5
flow,within_response,VR Only,5,0,Relaxed,Anxiety & fear,1.0,0.3333333333333333
flow,within_response,VR Only,5,4,Relaxed,Feeling well,1.0,0.3333333333333333
flow,within_response,VR Only,5,8,Relaxed,Fine / as usual,1.0,0.3333333333333333
flow,within_response,VR Only,7,5,Comfort & peace,Relaxed,1.0,1.0
flow,within_response,VR Only,8,2,Fine / as usual,Surgery & coping,1.0,1.0
flow,within_response,VR Only,9,3,Emotion & unease,Video & nature,1.0,1.0
semantic,centroids,VR Only,0,2,Anxiety & fear,Surgery & coping,,0.7277167484515197
semantic,centroids,VR Only,0,5,Anxiety & fear,Relaxed,,0.7183393216772486
semantic,centroids,VR Only,0,3,Anxiety & fear,Video & nature,,0.7106500960418974
semantic,centroids,VR Only,0,9,Anxiety & fear,Emotion & unease,,0.6931483704013173
semantic,centroids,VR Only,0,6,Anxiety & fear,Confident & calm,,0.6511475813915487
semantic,centroids,VR Only,1,2,Feeling calmer,Surgery & coping,,0.7385390118693843
semantic,centroids,VR Only,1,5,Feeling calmer,Relaxed,,0.8773612487557446
semantic,centroids,VR Only,1,4,Feeling calmer,Feeling well,,0.7772194803411773
semantic,centroids,VR Only,1,7,Feeling calmer,Comfort & peace,,0.859564053732331
semantic,centroids,VR Only,2,5,Surgery & coping,Relaxed,,0.710213994216243
semantic,centroids,VR Only,3,4,Video & nature,Feeling well,,0.7321846618054239
semantic,centroids,VR Only,3,7,Video & nature,Comfort & peace,,0.7445490681582398
semantic,centroids,VR Only,3,9,Video & nature,Emotion & unease,,0.732044229337058
semantic,centroids,VR Only,4,9,Feeling well,Emotion & unease,,0.6865201964950433
semantic,centroids,VR Only,4,6,Feeling well,Confident & calm,,0.6644880905914525
semantic,centroids,VR Only,4,5,Feeling well,Relaxed,,0.7810534171961893
semantic,centroids,VR Only,4,8,Feeling well,Fine / as usual,,0.7974746904119313
semantic,centroids,VR Only,4,7,Feeling well,Comfort & peace,,0.7942918706651446
semantic,centroids,VR Only,5,7,Relaxed,Comfort & peace,,0.8874198672329416
semantic,centroids,VR Only,5,6,Relaxed,Confident & calm,,0.641987843540502
semantic,centroids,VR Only,5,8,Relaxed,Fine / as usual,,0.6921628682088621
semantic,centroids,VR Only,7,8,Comfort & peace,Fine / as usual,,0.6568009117970729
flow,within_response,Control,0,2,Anxiety & fear,Surgery & coping,2.0,0.6666666666666666
flow,within_response,Control,0,8,Anxiety & fear,Fine / as usual,1.0,0.3333333333333333
flow,within_response,Control,1,2,Feeling calmer,Surgery & coping,1.0,0.5
flow,within_response,Control,1,7,Feeling calmer,Comfort & peace,1.0,0.5
flow,within_response,Control,2,0,Surgery & coping,Anxiety & fear,1.0,0.25
flow,within_response,Control,2,6,Surgery & coping,Confident & calm,2.0,0.5
flow,within_response,Control,2,9,Surgery & coping,Emotion & unease,1.0,0.25
flow,within_response,Control,4,1,Feeling well,Feeling calmer,1.0,0.5
flow,within_response,Control,4,2,Feeling well,Surgery & coping,1.0,0.5
flow,within_response,Control,5,0,Relaxed,Anxiety & fear,1.0,1.0
flow,within_response,Control,6,0,Confident & calm,Anxiety & fear,1.0,0.5
flow,within_response,Control,6,5,Confident & calm,Relaxed,1.0,0.5
flow,within_response,Control,8,6,Fine / as usual,Confident & calm,1.0,1.0
flow,within_response,Control,9,2,Emotion & unease,Surgery & coping,1.0,1.0
semantic,centroids,Control,0,2,Anxiety & fear,Surgery & coping,,0.773156410452616
semantic,centroids,Control,0,9,Anxiety & fear,Emotion & unease,,0.7554985551789054
semantic,centroids,Control,0,6,Anxiety & fear,Confident & calm,,0.7647752882876486
semantic,centroids,Control,1,6,Feeling calmer,Confident & calm,,0.8470549753012503
semantic,centroids,Control,1,9,Feeling calmer,Emotion & unease,,0.7269917456405913
semantic,centroids,Control,1,5,Feeling calmer,Relaxed,,0.8443325399749245
semantic,centroids,Control,1,8,Feeling calmer,Fine / as usual,,0.7544745940051678
semantic,centroids,Control,1,4,Feeling calmer,Feeling well,,0.7528115453773051
semantic,centroids,Control,1,7,Feeling calmer,Comfort & peace,,0.834392248731932
semantic,centroids,Control,2,7,Surgery & coping,Comfort & peace,,0.7007124851555848
semantic,centroids,Control,2,9,Surgery & coping,Emotion & unease,,0.6897001529610174
semantic,centroids,Control,4,6,Feeling well,Confident & calm,,0.8054408030056561
semantic,centroids,Control,4,8,Feeling well,Fine / as usual,,0.7267946816750638
semantic,centroids,Control,4,7,Feeling well,Comfort & peace,,0.7363588872735612
semantic,centroids,Control,5,7,Relaxed,Comfort & peace,,0.831965733213267
semantic,centroids,Control,5,6,Relaxed,Confident & calm,,0.7443674187567199
semantic,centroids,Control,6,8,Confident & calm,Fine / as usual,,0.7607594629190046
semantic,centroids,Control,6,7,Confident & calm,Comfort & peace,,0.7727417739258713
semantic,centroids,Control,7,9,Comfort & peace,Emotion & unease,,0.700617990905111
