scope,target_topic,target_label,condition,smooth,source_topic,source_label,entry_mass,entry_share,n_observed_transitions,ci_low,ci_high
within_response,1,Feeling calmer,VR Art,0.02,0,Anxiety & fear,0.022231260146177798,0.02934761604704845,1.0,,
within_response,1,Feeling calmer,VR Art,0.02,2,Surgery & coping,0.02655651075178894,0.03505740457212958,0.0,,
within_response,1,Feeling calmer,VR Art,0.02,3,Video & nature,0.23552038338923295,0.3109118303466582,1.0,,
within_response,1,Feeling calmer,VR Art,0.02,4,Feeling well,0.34024343637442345,0.4491573427501683,1.0,,
within_response,1,Feeling calmer,VR Art,0.02,5,Relaxed,0.01413379911200877,0.018658110556844108,0.0,,
within_response,1,Feeling calmer,VR Art,0.02,6,Confident & calm,0.10652884590048768,0.14062935015225475,1.0,,
within_response,1,Feeling calmer,VR Art,0.02,7,Comfort & peace,0.0023175828785102237,0.003059454661072158,0.0,,
within_response,1,Feeling calmer,VR Art,0.02,8,Fine / as usual,0.0038327417710056493,0.005059624742967941,0.0,,
within_response,1,Feeling calmer,VR Art,0.02,9,Emotion & unease,0.006150466128185729,0.008119266170856487,0.0,,
within_response,1,Feeling calmer,VR Only,0.02,0,Anxiety & fear,0.0031972625715561602,0.05235960661039975,0.0,,
within_response,1,Feeling calmer,VR Only,0.02,2,Surgery & coping,0.01876093102094649,0.3072362516111696,0.0,,
within_response,1,Feeling calmer,VR Only,0.02,3,Video & nature,0.002859628099193801,0.046830374101229054,0.0,,
within_response,1,Feeling calmer,VR Only,0.02,4,Feeling well,0.004893455247264458,0.08013711291395666,0.0,,
within_response,1,Feeling calmer,VR Only,0.02,5,Relaxed,0.00360680975165198,0.059066509393106974,0.0,,
within_response,1,Feeling calmer,VR Only,0.02,6,Confident & calm,0.015509525366410273,0.2539899769645784,0.0,,
within_response,1,Feeling calmer,VR Only,0.02,7,Comfort & peace,0.002922699262332957,0.04786325182600698,0.0,,
within_response,1,Feeling calmer,VR Only,0.02,8,Fine / as usual,0.006138069232014693,0.10051939218093796,0.0,,
within_response,1,Feeling calmer,VR Only,0.02,9,Emotion & unease,0.0031751525524305177,0.05199752439861456,0.0,,
within_response,1,Feeling calmer,Control,0.02,0,Anxiety & fear,0.004034310236077136,0.03173648173661345,0.0,,
within_response,1,Feeling calmer,Control,0.02,2,Surgery & coping,0.0030360153904377416,0.0238832517462503,0.0,,
within_response,1,Feeling calmer,Control,0.02,3,Video & nature,0.0036424376780223935,0.028653759894706355,0.0,,
within_response,1,Feeling calmer,Control,0.02,4,Feeling well,0.08271452138849972,0.6506856795305348,1.0,,
within_response,1,Feeling calmer,Control,0.02,5,Relaxed,0.003513453295758538,0.027639085699494824,0.0,,
within_response,1,Feeling calmer,Control,0.02,6,Confident & calm,0.004463741954954323,0.03511466811935444,0.0,,
within_response,1,Feeling calmer,Control,0.02,7,Comfort & peace,0.01794774827962929,0.14118854330936478,0.0,,
within_response,1,Feeling calmer,Control,0.02,8,Fine / as usual,0.004078867994109327,0.03208700174902283,0.0,,
within_response,1,Feeling calmer,Control,0.02,9,Emotion & unease,0.003687916833755683,0.029011528214658272,0.0,,
within_response,1,Feeling calmer,VR Art,0.1,0,Anxiety & fear,0.035622890465303675,0.05683380693362562,1.0,0.00196709736476418,0.0993919487833831
within_response,1,Feeling calmer,VR Art,0.1,2,Surgery & coping,0.025079317914809718,0.04001228125453753,0.0,0.007255692426928235,0.048082711027016674
within_response,1,Feeling calmer,VR Art,0.1,3,Video & nature,0.19075795563155878,0.3043408516211407,1.0,0.009195883751969355,0.4667568436905812
within_response,1,Feeling calmer,VR Art,0.1,4,Feeling well,0.21857764356208614,0.3487251997788872,1.0,0.012083670914921105,0.4724858714741825
within_response,1,Feeling calmer,VR Art,0.1,5,Relaxed,0.019115222112894376,0.03049698743889813,0.0,0.007010802595849255,0.04303661965438532
within_response,1,Feeling calmer,VR Art,0.1,6,Confident & calm,0.10229229060471079,0.16320012831886574,1.0,0.00640433473203895,0.2805177214710448
within_response,1,Feeling calmer,VR Art,0.1,7,Comfort & peace,0.0094415343528951,0.01506330153338554,0.0,0.00713964899182891,0.015760846840971558
within_response,1,Feeling calmer,VR Art,0.1,8,Fine / as usual,0.013987651597656463,0.02231631066351343,0.0,0.007519882432819131,0.03960375254459732
within_response,1,Feeling calmer,VR Art,0.1,9,Emotion & unease,0.011915997285439902,0.019011132457146192,0.0,0.008504527030458764,0.018564391616058964
within_response,1,Feeling calmer,VR Only,0.1,0,Anxiety & fear,0.011852395121617329,0.0915680702507925,0.0,0.0075127325917336545,0.021208352553011147
within_response,1,Feeling calmer,VR Only,0.1,2,Surgery & coping,0.018521246849774194,0.14308963000897404,0.0,0.0076763586418962205,0.029473170872663577
within_response,1,Feeling calmer,VR Only,0.1,3,Video & nature,0.010372250941728486,0.08013291770528161,0.0,0.005715527655554129,0.025391562200947102
within_response,1,Feeling calmer,VR Only,0.1,4,Feeling well,0.018150635024732402,0.14022639356747998,0.0,0.008924536811473061,0.06314156347029824
within_response,1,Feeling calmer,VR Only,0.1,5,Relaxed,0.013107668287416784,0.10126593639940049,0.0,0.007770394192114925,0.028870039071602745
within_response,1,Feeling calmer,VR Only,0.1,6,Confident & calm,0.017695663098450387,0.1367114161405171,0.0,0.006517947218030781,0.03671155237805548
within_response,1,Feeling calmer,VR Only,0.1,7,Comfort & peace,0.011318567146762543,0.08744387450792637,0.0,0.006377969283896999,0.031932635626725624
within_response,1,Feeling calmer,VR Only,0.1,8,Fine / as usual,0.017468460047900588,0.13495611312534903,0.0,0.007879119496932383,0.053416464337668744
within_response,1,Feeling calmer,VR Only,0.1,9,Emotion & unease,0.01095119259757145,0.08460564829427877,0.0,0.006329246589920675,0.016160809943985915
within_response,1,Feeling calmer,Control,0.1,0,Anxiety & fear,0.015026852372537222,0.07851856508987792,0.0,0.008542465085431813,0.048085426164928446
within_response,1,Feeling calmer,Control,0.1,2,Surgery & coping,0.011543718807100398,0.060318436227607616,0.0,0.007366846089745936,0.02444274522050729
within_response,1,Feeling calmer,Control,0.1,3,Video & nature,0.008468774947746732,0.04425118717353208,0.0,0.005637286466301727,0.013635975561794892
within_response,1,Feeling calmer,Control,0.1,4,Feeling well,0.08259537110525196,0.43157874060855883,1.0,0.006635837173718936,0.24696914576193674
within_response,1,Feeling calmer,Control,0.1,5,Relaxed,0.011457985212542411,0.05987045958833529,0.0,0.0065639171523214235,0.030145638426302284
within_response,1,Feeling calmer,Control,0.1,6,Confident & calm,0.014268593171816755,0.0745564961927629,0.0,0.007983194178708566,0.04451083476692299
within_response,1,Feeling calmer,Control,0.1,7,Comfort & peace,0.022774085549353628,0.1189995399061369,0.0,0.005805819310425218,0.04720887466944409
within_response,1,Feeling calmer,Control,0.1,8,Fine / as usual,0.01311282597818173,0.06851736175712896,0.0,0.007069946031561873,0.03194548238022655
within_response,1,Feeling calmer,Control,0.1,9,Emotion & unease,0.01213140295578643,0.06338921345605938,0.0,0.006394100742439381,0.032222072707391504
within_response,1,Feeling calmer,VR Art,0.5,0,Anxiety & fear,0.03589784879823513,0.08196019156451603,1.0,,
within_response,1,Feeling calmer,VR Art,0.5,2,Surgery & coping,0.022978801062670057,0.05246406122006773,0.0,,
within_response,1,Feeling calmer,VR Art,0.5,3,Video & nature,0.109693924110277,0.25044773808239434,1.0,,
within_response,1,Feeling calmer,VR Art,0.5,4,Feeling well,0.09924417518476351,0.22658938855983782,1.0,,
within_response,1,Feeling calmer,VR Art,0.5,5,Relaxed,0.02605936798680082,0.059497459144499415,0.0,,
within_response,1,Feeling calmer,VR Art,0.5,6,Confident & calm,0.07487662150481848,0.17095459610215966,1.0,,
within_response,1,Feeling calmer,VR Art,0.5,7,Comfort & peace,0.021613187172146123,0.049346159178093325,0.0,,
within_response,1,Feeling calmer,VR Art,0.5,8,Fine / as usual,0.029194636526698403,0.06665574909052091,0.0,,
within_response,1,Feeling calmer,VR Art,0.5,9,Emotion & unease,0.018432712600497676,0.04208465705791073,0.0,,
within_response,1,Feeling calmer,VR Only,0.5,0,Anxiety & fear,0.025716261464513213,0.1126329825686788,0.0,,
within_response,1,Feeling calmer,VR Only,0.5,2,Surgery & coping,0.019848226250712652,0.08693195643545026,0.0,,
within_response,1,Feeling calmer,VR Only,0.5,3,Video & nature,0.02151918370315358,0.09425047440407078,0.0,,
within_response,1,Feeling calmer,VR Only,0.5,4,Feeling well,0.04004460425116692,0.17538876009700352,0.0,,
within_response,1,Feeling calmer,VR Only,0.5,5,Relaxed,0.027265450426289587,0.11941817463744558,0.0,,
within_response,1,Feeling calmer,VR Only,0.5,6,Confident & calm,0.020343339069057796,0.08910046889653064,0.0,,
within_response,1,Feeling calmer,VR Only,0.5,7,Comfort & peace,0.0254355265416931,0.11140340992212398,0.0,,
within_response,1,Feeling calmer,VR Only,0.5,8,Fine / as usual,0.026297713023714295,0.1151796444706197,0.0,,
within_response,1,Feeling calmer,VR Only,0.5,9,Emotion & unease,0.021848797525847747,0.09569412856807663,0.0,,
within_response,1,Feeling calmer,Control,0.5,0,Anxiety & fear,0.03392210581204594,0.1288738533586212,0.0,,
within_response,1,Feeling calmer,Control,0.5,2,Surgery & coping,0.025975545356740862,0.09868398624079801,0.0,,
within_response,1,Feeling calmer,Control,0.5,3,Video & nature,0.016015028437899682,0.06084287449239435,0.0,,
within_response,1,Feeling calmer,Control,0.5,4,Feeling well,0.06451370730078447,0.2450947503191241,1.0,,
within_response,1,Feeling calmer,Control,0.5,5,Relaxed,0.021797689056455245,0.08281184542561296,0.0,,
within_response,1,Feeling calmer,Control,0.5,6,Confident & calm,0.024554865005666088,0.09328666355545726,0.0,,
within_response,1,Feeling calmer,Control,0.5,7,Comfort & peace,0.03032033903950658,0.1151903407415666,0.0,,
within_response,1,Feeling calmer,Control,0.5,8,Fine / as usual,0.023578564305039258,0.08957758859343583,0.0,,
within_response,1,Feeling calmer,Control,0.5,9,Emotion & unease,0.022541613535468165,0.08563809727298957,0.0,,
within_response,3,Video & nature,VR Art,0.02,0,Anxiety & fear,0.0018507938353872063,0.0037098194600821816,0.0,,
within_response,3,Video & nature,VR Art,0.02,1,Feeling calmer,0.12159906253538956,0.24373896211252566,1.0,,
within_response,3,Video & nature,VR Art,0.02,2,Surgery & coping,0.012347631279155767,0.02475018120845863,0.0,,
within_response,3,Video & nature,VR Art,0.02,4,Feeling well,0.005542308449901503,0.01110926746572015,0.0,,
within_response,3,Video & nature,VR Art,0.02,5,Relaxed,0.011395160989548351,0.022841004320155206,0.0,,
within_response,3,Video & nature,VR Art,0.02,6,Confident & calm,0.16571921201224052,0.33217549457845164,1.0,,
within_response,3,Video & nature,VR Art,0.02,7,Comfort & peace,0.1672337763478522,0.33521135958857207,1.0,,
within_response,3,Video & nature,VR Art,0.02,8,Fine / as usual,0.0031553545859495384,0.00632474326561941,0.0,,
within_response,3,Video & nature,VR Art,0.02,9,Emotion & unease,0.010047240407804048,0.020139168000415063,0.0,,
within_response,3,Video & nature,VR Only,0.02,0,Anxiety & fear,0.15117176683166905,0.40504771566942205,1.0,,
within_response,3,Video & nature,VR Only,0.02,1,Feeling calmer,0.07860459313022264,0.21061215037576142,1.0,,
within_response,3,Video & nature,VR Only,0.02,2,Surgery & coping,0.02473644270543721,0.06627851100517734,0.0,,
within_response,3,Video & nature,VR Only,0.02,4,Feeling well,0.004535519613914093,0.01215241375749342,0.0,,
within_response,3,Video & nature,VR Only,0.02,5,Relaxed,0.0029071450252272798,0.007789367527199874,0.0,,
within_response,3,Video & nature,VR Only,0.02,6,Confident & calm,0.015153163297217772,0.04060119364443377,0.0,,
within_response,3,Video & nature,VR Only,0.02,7,Comfort & peace,0.0028289325503646915,0.0075798060135395945,0.0,,
within_response,3,Video & nature,VR Only,0.02,8,Fine / as usual,0.005673469742379245,0.015201422906098383,0.0,,
within_response,3,Video & nature,VR Only,0.02,9,Emotion & unease,0.08760861748927033,0.23473741910087415,1.0,,
within_response,3,Video & nature,Control,0.02,0,Anxiety & fear,0.0036676566410187112,0.07176376408443806,0.0,,
within_response,3,Video & nature,Control,0.02,1,Feeling calmer,0.00208717460007742,0.04083902073269982,0.0,,
within_response,3,Video & nature,Control,0.02,2,Surgery & coping,0.0031426194737092994,0.061490544124597764,0.0,,
within_response,3,Video & nature,Control,0.02,4,Feeling well,0.0014777534122379127,0.02891468794127882,0.0,,
within_response,3,Video & nature,Control,0.02,5,Relaxed,0.0031913562365819955,0.06244415944232388,0.0,,
within_response,3,Video & nature,Control,0.02,6,Confident & calm,0.004230054567788874,0.0827680090529913,0.0,,
within_response,3,Video & nature,Control,0.02,7,Comfort & peace,0.026055209409388602,0.5098132361448758,0.0,,
within_response,3,Video & nature,Control,0.02,8,Fine / as usual,0.003683290292096928,0.07206966230708192,0.0,,
within_response,3,Video & nature,Control,0.02,9,Emotion & unease,0.0035722469695839837,0.0698969161697124,0.0,,
within_response,3,Video & nature,VR Art,0.1,0,Anxiety & fear,0.007410363252183565,0.016517351813262023,0.0,0.0058540443527438,0.01280531944266669
within_response,3,Video & nature,VR Art,0.1,1,Feeling calmer,0.10336753938554996,0.2304013927521368,1.0,0.00741823396099543,0.29048829138588445
within_response,3,Video & nature,VR Art,0.1,2,Surgery & coping,0.015544090919497317,0.03464704894986284,0.0,0.005562132743365474,0.02970207141725847
within_response,3,Video & nature,VR Art,0.1,4,Feeling well,0.01667101850773337,0.037158917640980095,0.0,0.006946891463235756,0.052428509413738875
within_response,3,Video & nature,VR Art,0.1,5,Relaxed,0.01607399178233927,0.03582817309720239,0.0,0.005532102789007497,0.03718523272290829
within_response,3,Video & nature,VR Art,0.1,6,Confident & calm,0.1379265651227483,0.3074318387639003,1.0,0.008294413941725724,0.35099788002926274
within_response,3,Video & nature,VR Art,0.1,7,Comfort & peace,0.12627425005627385,0.28145937549292366,1.0,0.006883014213312516,0.3356657351655686
within_response,3,Video & nature,VR Art,0.1,8,Fine / as usual,0.011778626974512903,0.026254006584343938,0.0,0.005929855377577703,0.033672064444247335
within_response,3,Video & nature,VR Art,0.1,9,Emotion & unease,0.013594676133139104,0.030301894905387934,0.0,0.007290281225837365,0.021255441864638236
within_response,3,Video & nature,VR Only,0.1,0,Anxiety & fear,0.12160531463408836,0.32177480018312554,1.0,0.008083774725933631,0.30356853499753117
within_response,3,Video & nature,VR Only,0.1,1,Feeling calmer,0.07880743165420269,0.20852908978344917,1.0,0.006240071697736124,0.2264610452143159
within_response,3,Video & nature,VR Only,0.1,2,Surgery & coping,0.023650294304673473,0.06258006689146108,0.0,0.008049531171010713,0.039020786288634327
within_response,3,Video & nature,VR Only,0.1,4,Feeling well,0.016902865109623265,0.044725973198927245,0.0,0.008517596552481082,0.058411464052948246
within_response,3,Video & nature,VR Only,0.1,5,Relaxed,0.010920634764214922,0.02889664057612752,0.0,0.006788832024620825,0.02116435215024464
within_response,3,Video & nature,VR Only,0.1,6,Confident & calm,0.017029755747138702,0.04506173327367807,0.0,0.006290243489813487,0.034751463703967235
within_response,3,Video & nature,VR Only,0.1,7,Comfort & peace,0.010783428558280708,0.02853358490186515,0.0,0.006128905162998809,0.02873942668411211
within_response,3,Video & nature,VR Only,0.1,8,Fine / as usual,0.01627513960342249,0.043064974664978425,0.0,0.007705580483064255,0.04813710119857129
within_response,3,Video & nature,VR Only,0.1,9,Emotion & unease,0.08194570170001281,0.2168331365263879,1.0,0.0060927629899729645,0.22874360011203732
within_response,3,Video & nature,Control,0.1,0,Anxiety & fear,0.01374949437812949,0.11686703545953188,0.0,0.007738324705979418,0.04471302764111574
within_response,3,Video & nature,Control,0.1,1,Feeling calmer,0.008814862284111762,0.07492397864221138,0.0,0.005889697386269471,0.022514056422087907
within_response,3,Video & nature,Control,0.1,2,Surgery & coping,0.011867987670628088,0.10087473021137137,0.0,0.007234576347413884,0.026756384266760833
within_response,3,Video & nature,Control,0.1,4,Feeling well,0.006913866336742758,0.058766020052622624,0.0,0.006135251490044844,0.011348746308106323
within_response,3,Video & nature,Control,0.1,5,Relaxed,0.010624564329117701,0.09030596340823364,0.0,0.006361924285406415,0.026931215491364263
within_response,3,Video & nature,Control,0.1,6,Confident & calm,0.01357435665018145,0.11537841147820478,0.0,0.007623517117930961,0.04364783677132004
within_response,3,Video & nature,Control,0.1,7,Comfort & peace,0.028408271479567333,0.24146273157706197,0.0,0.007327799561282741,0.052064515913560525
within_response,3,Video & nature,Control,0.1,8,Fine / as usual,0.012052491621149054,0.10244296458675725,0.0,0.006972195702838312,0.02877311357032957
within_response,3,Video & nature,Control,0.1,9,Emotion & unease,0.01164485530204623,0.09897816458400516,0.0,0.006323553621963799,0.03227989886449167
within_response,3,Video & nature,VR Art,0.5,0,Anxiety & fear,0.01698803114555701,0.0466304307936065,0.0,,
within_response,3,Video & nature,VR Art,0.5,1,Feeling calmer,0.08054368253206785,0.2210842788074401,1.0,,
within_response,3,Video & nature,VR Art,0.5,2,Surgery & coping,0.01967352720748959,0.054001846420849514,0.0,,
within_response,3,Video & nature,VR Art,0.5,4,Feeling well,0.028782449777487985,0.07900491945887597,0.0,,
within_response,3,Video & nature,VR Art,0.5,5,Relaxed,0.023039503941483172,0.0632411128080216,0.0,,
within_response,3,Video & nature,VR Art,0.5,6,Confident & calm,0.0839461318807031,0.2304236588404101,1.0,,
within_response,3,Video & nature,VR Art,0.5,7,Comfort & peace,0.06811612645213522,0.18697189175365705,1.0,,
within_response,3,Video & nature,VR Art,0.5,8,Fine / as usual,0.02551066635699951,0.07002420420979556,0.0,,
within_response,3,Video & nature,VR Art,0.5,9,Emotion & unease,0.017712001705958942,0.04861765690734364,0.0,,
within_response,3,Video & nature,VR Only,0.5,0,Anxiety & fear,0.07337974762869869,0.21197673682650792,1.0,,
within_response,3,Video & nature,VR Only,0.5,1,Feeling calmer,0.062404897236527146,0.18027298956011928,1.0,,
within_response,3,Video & nature,VR Only,0.5,2,Surgery & coping,0.0225376114192483,0.06510582931805621,0.0,,
within_response,3,Video & nature,VR Only,0.5,4,Feeling well,0.037838773662334714,0.10930726836298835,0.0,,
within_response,3,Video & nature,VR Only,0.5,5,Relaxed,0.024374775427456082,0.07041296165442698,0.0,,
within_response,3,Video & nature,VR Only,0.5,6,Confident & calm,0.019789530258320726,0.05716727275643617,0.0,,
within_response,3,Video & nature,VR Only,0.5,7,Comfort & peace,0.0243436032781233,0.070322912687117,0.0,,
within_response,3,Video & nature,VR Only,0.5,8,Fine / as usual,0.025148310661343085,0.07264752200654746,0.0,,
within_response,3,Video & nature,VR Only,0.5,9,Emotion & unease,0.056351621254354875,0.16278650682780046,1.0,,
within_response,3,Video & nature,Control,0.5,0,Anxiety & fear,0.03130501895482013,0.14233266851077103,0.0,,
within_response,3,Video & nature,Control,0.5,1,Feeling calmer,0.02235901239397743,0.1016583923457489,0.0,,
within_response,3,Video & nature,Control,0.5,2,Surgery & coping,0.02598301477968524,0.11813542853574843,0.0,,
within_response,3,Video & nature,Control,0.5,4,Feeling well,0.020172484067525677,0.0917170339991075,0.0,,
within_response,3,Video & nature,Control,0.5,5,Relaxed,0.020797762324350707,0.09455994947486913,0.0,,
within_response,3,Video & nature,Control,0.5,6,Confident & calm,0.023498076220523457,0.10683730612536899,0.0,,
within_response,3,Video & nature,Control,0.5,7,Comfort & peace,0.03186641601445751,0.14488513914519582,0.0,,
within_response,3,Video & nature,Control,0.5,8,Fine / as usual,0.02233809737970016,0.10156329929379065,0.0,,
within_response,3,Video & nature,Control,0.5,9,Emotion & unease,0.02162273035417271,0.09831078256939949,0.0,,
within_response,0,Anxiety & fear,VR Art,0.02,1,Feeling calmer,0.23264467908551228,0.7863378700588117,2.0,,
within_response,0,Anxiety & fear,VR Art,0.02,2,Surgery & coping,0.029854102696208973,0.10090672014907862,0.0,,
within_response,0,Anxiety & fear,VR Art,0.02,3,Video & nature,0.004702256324901644,0.01589360323016301,0.0,,
within_response,0,Anxiety & fear,VR Art,0.02,4,Feeling well,0.004744465912862296,0.016036271429683013,0.0,,
within_response,0,Anxiety & fear,VR Art,0.02,5,Relaxed,0.010660714868464028,0.03603316377543726,0.0,,
within_response,0,Anxiety & fear,VR Art,0.02,6,Confident & calm,0.002981710799571176,0.010078167824351348,0.0,,
within_response,0,Anxiety & fear,VR Art,0.02,7,Comfort & peace,0.0030879901774339977,0.010437391598341506,0.0,,
within_response,0,Anxiety & fear,VR Art,0.02,8,Fine / as usual,0.0027803577184783348,0.009397595401467236,0.0,,
within_response,0,Anxiety & fear,VR Art,0.02,9,Emotion & unease,0.0044021414802610116,0.014879216532666249,0.0,,
within_response,0,Anxiety & fear,VR Only,0.02,1,Feeling calmer,0.0016015276923679437,0.003354766162426277,0.0,,
within_response,0,Anxiety & fear,VR Only,0.02,2,Surgery & coping,0.021637209827954654,0.04532408632461089,0.0,,
within_response,0,Anxiety & fear,VR Only,0.02,3,Video & nature,0.002469547848846705,0.005173032973007215,0.0,,
within_response,0,Anxiety & fear,VR Only,0.02,4,Feeling well,0.25007762100471836,0.5238447920224576,1.0,,
within_response,0,Anxiety & fear,VR Only,0.02,5,Relaxed,0.18752204482009344,0.3928078257212564,1.0,,
within_response,0,Anxiety & fear,VR Only,0.02,6,Confident & calm,0.00354314883446462,0.007421935864703834,0.0,,
within_response,0,Anxiety & fear,VR Only,0.02,7,Comfort & peace,0.0029389736728662606,0.006156352760541723,0.0,,
within_response,0,Anxiety & fear,VR Only,0.02,8,Fine / as usual,0.0042438476610211235,0.008889709868603792,0.0,,
within_response,0,Anxiety & fear,VR Only,0.02,9,Emotion & unease,0.0033548487716980203,0.007027498302392234,0.0,,
within_response,0,Anxiety & fear,Control,0.02,1,Feeling calmer,0.002743526853229037,0.004622866543738603,0.0,,
within_response,0,Anxiety & fear,Control,0.02,2,Surgery & coping,0.13404249492590076,0.22586276657102114,1.0,,
within_response,0,Anxiety & fear,Control,0.02,3,Video & nature,0.004832736615229211,0.00814320311352118,0.0,,
within_response,0,Anxiety & fear,Control,0.02,4,Feeling well,0.0019397879108818802,0.003268559454634149,0.0,,
within_response,0,Anxiety & fear,Control,0.02,5,Relaxed,0.21331661245356687,0.35944034219114773,1.0,,
within_response,0,Anxiety & fear,Control,0.02,6,Confident & calm,0.19628837028987978,0.33074760645045753,1.0,,
within_response,0,Anxiety & fear,Control,0.02,7,Comfort & peace,0.03428717800202541,0.05777419232409498,0.0,,
within_response,0,Anxiety & fear,Control,0.02,8,Fine / as usual,0.00216978372715558,0.0036561043999297055,0.0,,
within_response,0,Anxiety & fear,Control,0.02,9,Emotion & unease,0.0038482644352751455,0.006484358951454901,0.0,,
within_response,0,Anxiety & fear,VR Art,0.1,1,Feeling calmer,0.187227387468934,0.6179314486885572,2.0,0.008191297176959033,0.405254180834762
within_response,0,Anxiety & fear,VR Art,0.1,2,Surgery & coping,0.027710003852365044,0.09145501123065435,0.0,0.00971431704998094,0.04649762419008455
within_response,0,Anxiety & fear,VR Art,0.1,3,Video & nature,0.0165460890954564,0.054609258523044886,0.0,0.008360911472376194,0.057395732610674974
within_response,0,Anxiety & fear,VR Art,0.1,4,Feeling well,0.014717196586962857,0.048573121328871934,0.0,0.006584155486742382,0.0436277549830441
within_response,0,Anxiety & fear,VR Art,0.1,5,Relaxed,0.015114216401421285,0.04988345862739919,0.0,0.006453869848283272,0.03175316726308939
within_response,0,Anxiety & fear,VR Art,0.1,6,Confident & calm,0.011463190841664724,0.03783349337478001,0.0,0.006361299346880605,0.03273388317936394
within_response,0,Anxiety & fear,VR Art,0.1,7,Comfort & peace,0.010793791186752805,0.03562418466143818,0.0,0.006450507665046271,0.02856894665960162
within_response,0,Anxiety & fear,VR Art,0.1,8,Fine / as usual,0.010563028265629004,0.03486256710066709,0.0,0.006418089703429909,0.029127108726261983
within_response,0,Anxiety & fear,VR Art,0.1,9,Emotion & unease,0.008855643013218263,0.029227456464587166,0.0,0.0063166703369359235,0.013951864029329856
within_response,0,Anxiety & fear,VR Only,0.1,1,Feeling calmer,0.007449068470515744,0.017442031450867795,0.0,0.006103963367658355,0.010400595523128931
within_response,0,Anxiety & fear,VR Only,0.1,2,Surgery & coping,0.022360182542644245,0.05235648037061786,0.0,0.00821628757472148,0.0386624673491709
within_response,0,Anxiety & fear,VR Only,0.1,3,Video & nature,0.009433622226058851,0.022088874093961944,0.0,0.0034431893472460983,0.03274645831167786
within_response,0,Anxiety & fear,VR Only,0.1,4,Feeling well,0.19899439550918366,0.46594638225647794,1.0,0.01314526169351458,0.4691476033832577
within_response,0,Anxiety & fear,VR Only,0.1,5,Relaxed,0.14526514336023083,0.34013906694947327,1.0,0.01007545099086898,0.3678789687191528
within_response,0,Anxiety & fear,VR Only,0.1,6,Confident & calm,0.008331019010240165,0.01950712309459088,0.0,0.005628949111169104,0.014400364028505265
within_response,0,Anxiety & fear,VR Only,0.1,7,Comfort & peace,0.011208376387812899,0.026244469928447457,0.0,0.006410987126019156,0.03025665667177142
within_response,0,Anxiety & fear,VR Only,0.1,8,Fine / as usual,0.012940767130866702,0.03030087160405786,0.0,0.0024442649226234197,0.05270160800685672
within_response,0,Anxiety & fear,VR Only,0.1,9,Emotion & unease,0.011093164303688709,0.025974700251504883,0.0,0.006127258964090148,0.01622927774635657
within_response,0,Anxiety & fear,Control,0.1,1,Feeling calmer,0.011027226655627366,0.022620362621797358,0.0,0.0070106612786606905,0.028878085473762995
within_response,0,Anxiety & fear,Control,0.1,2,Surgery & coping,0.11208280005456595,0.22991760848652368,1.0,0.006518478719751113,0.34812971523740294
within_response,0,Anxiety & fear,Control,0.1,3,Video & nature,0.00936944329036383,0.019219719645849453,0.0,0.006116032607928885,0.013938862033031796
within_response,0,Anxiety & fear,Control,0.1,4,Feeling well,0.008594194507177477,0.01762943687163683,0.0,0.006961512058022403,0.013126071392858716
within_response,0,Anxiety & fear,Control,0.1,5,Relaxed,0.14372888266828135,0.29483382782588874,1.0,0.008720692762669164,0.3587616182928208
within_response,0,Anxiety & fear,Control,0.1,6,Confident & calm,0.14566573437586733,0.2988069290723281,1.0,0.009228537339248975,0.34831529414969475
within_response,0,Anxiety & fear,Control,0.1,7,Comfort & peace,0.03561138136659544,0.0730503131142612,0.0,0.008118955156590238,0.06517331320125155
within_response,0,Anxiety & fear,Control,0.1,8,Fine / as usual,0.008757618592488697,0.017964671848328714,0.0,0.002235902634686599,0.031684439900192256
within_response,0,Anxiety & fear,Control,0.1,9,Emotion & unease,0.01265387148236903,0.025957130513385947,0.0,0.007200158042004106,0.03176485409963044
within_response,0,Anxiety & fear,VR Art,0.5,1,Feeling calmer,0.12253820969109304,0.3918333302529428,2.0,,
within_response,0,Anxiety & fear,VR Art,0.5,2,Surgery & coping,0.024353668678747786,0.07787431468377454,0.0,,
within_response,0,Anxiety & fear,VR Art,0.5,3,Video & nature,0.032060259383173376,0.10251723306999726,0.0,,
within_response,0,Anxiety & fear,VR Art,0.5,4,Feeling well,0.026197968248835697,0.08377172451498856,0.0,,
within_response,0,Anxiety & fear,VR Art,0.5,5,Relaxed,0.02183301394547073,0.06981416315187582,0.0,,
within_response,0,Anxiety & fear,VR Art,0.5,6,Confident & calm,0.02550763634816149,0.08156429021100363,0.0,,
within_response,0,Anxiety & fear,VR Art,0.5,7,Comfort & peace,0.021363996674835375,0.0683144138119558,0.0,,
within_response,0,Anxiety & fear,VR Art,0.5,8,Fine / as usual,0.02330124625401812,0.07450904449944382,0.0,,
within_response,0,Anxiety & fear,VR Art,0.5,9,Emotion & unease,0.015574440557267713,0.04980148580401764,0.0,,
within_response,0,Anxiety & fear,VR Only,0.5,1,Feeling calmer,0.021502598371882935,0.06120477855219823,0.0,,
within_response,0,Anxiety & fear,VR Only,0.5,2,Surgery & coping,0.022493975563128633,0.06402662456366609,0.0,,
within_response,0,Anxiety & fear,VR Only,0.5,3,Video & nature,0.02086531204336476,0.05939081319151412,0.0,,
within_response,0,Anxiety & fear,VR Only,0.5,4,Feeling well,0.1194841796778322,0.34009856070396394,1.0,,
within_response,0,Anxiety & fear,VR Only,0.5,5,Relaxed,0.08143088199032256,0.2317840389952577,1.0,,
within_response,0,Anxiety & fear,VR Only,0.5,6,Confident & calm,0.01601155183128765,0.04557511920942742,0.0,,
within_response,0,Anxiety & fear,VR Only,0.5,7,Comfort & peace,0.025159987524895344,0.07161513405053861,0.0,,
within_response,0,Anxiety & fear,VR Only,0.5,8,Fine / as usual,0.022738992541916893,0.0647240384142579,0.0,,
within_response,0,Anxiety & fear,VR Only,0.5,9,Emotion & unease,0.0216347354936039,0.061580892319175885,0.0,,
within_response,0,Anxiety & fear,Control,0.5,1,Feeling calmer,0.026147052176578204,0.07144310826711794,0.0,,
within_response,0,Anxiety & fear,Control,0.5,2,Surgery & coping,0.07322365009429962,0.20007322913772604,1.0,,
within_response,0,Anxiety & fear,Control,0.5,3,Video & nature,0.016417472288398745,0.04485841242261125,0.0,,
within_response,0,Anxiety & fear,Control,0.5,4,Feeling well,0.02349466595301203,0.06419583944091373,0.0,,
within_response,0,Anxiety & fear,Control,0.5,5,Relaxed,0.07028184850941416,0.1920351739217879,1.0,,
within_response,0,Anxiety & fear,Control,0.5,6,Confident & calm,0.07495598117005367,0.20480657788250167,1.0,,
within_response,0,Anxiety & fear,Control,0.5,7,Comfort & peace,0.03727913219257024,0.10185993661357132,0.0,,
within_response,0,Anxiety & fear,Control,0.5,8,Fine / as usual,0.02053475814221901,0.05610831153302215,0.0,,
within_response,0,Anxiety & fear,Control,0.5,9,Emotion & unease,0.023649686390837102,0.06461941078074812,0.0,,
