PC,topic,n_sentences,position_sd,ci_low,ci_high,excludes_zero
4,Calm,83,0.06080046618793715,-0.12098192757058138,0.24456018392368503,False
4,Caring staff,37,-0.9545555112427679,-1.1757563927215144,-0.6767780956326575,True
4,Personal effects,33,0.8798435780389915,0.523322692766625,1.1051647992943159,True
4,Surgery worries,25,-1.511626145756359,-2.0259786589387465,-1.1564948909263613,True
4,Place & movement,24,0.27663732089114135,-0.2051967450509601,0.7449194262637044,False
4,Nature & senses,23,1.1035167189312558,0.76796400374799,1.3443701877164547,True
4,Waiting,23,-0.10366551869730244,-0.5081272158123401,0.18271500853287873,False
4,Optimism,21,0.03972151254371515,-0.1867933055006504,0.31248675503279083,False
4,No change,20,0.4971708650111305,0.28300736746208455,0.7149080188408877,True
4,Anxiety,13,-0.5518360485691697,-1.0494157995800286,-0.002923660972942414,True
4,Feeling well,12,0.4766036656062023,0.11383940244283443,0.8260036096354807,True
4,Welcomed,10,0.006911306472166827,-0.3734471328498173,0.28652101982652345,False
6,Calm,83,0.4454351364299239,0.19390535878786613,0.6797484037487934,True
6,Caring staff,37,-0.5361071450079087,-0.8259276174655038,-0.31327272501197456,True
6,Personal effects,33,-0.24890073446222616,-0.5918890836681682,0.1759117291482171,False
6,Surgery worries,25,0.8338558042166847,0.6071465682713237,1.2095371966220156,True
6,Place & movement,24,0.2955687493705287,-0.007337523081330437,0.5876884620371275,False
6,Nature & senses,23,0.0003850335935920484,-0.25308894654961134,0.21906933387014274,False
6,Waiting,23,0.15556689496977918,-0.20170008284858432,0.53979371792266,False
6,Optimism,21,-0.05137995599025234,-0.4700130886380574,0.33278361810858326,False
6,No change,20,-0.24118395831559059,-0.5372827834224847,0.055180189203302546,False
6,Anxiety,13,-1.747263802669686,-2.3411826276683274,-1.3173036298406124,True
6,Feeling well,12,-0.7285384555229982,-0.888621988947023,-0.6097319150011956,True
6,Welcomed,10,-0.3088818025315805,-0.6725000308315092,0.028901358018782432,False
